"Path","LineNumber","Line"
"D:\projects\admin-dashboard\app\(admin)\ai\page.tsx","131","              <div className=""inline-flex items-center gap-2 rounded-full border border-white/10 bg-white/10 px-3 py-1 text-xs font-semibold uppercase tracking-[0.18em] text-slate-200 shadow-sm backdrop-blur-xl"">"
"D:\projects\admin-dashboard\app\(admin)\ai\page.tsx","141","                <p className=""mt-3 max-w-3xl text-sm leading-7 text-slate-300"">"
"D:\projects\admin-dashboard\app\(admin)\ai\page.tsx","153","                <div className=""flex h-12 w-12 items-center justify-center rounded-2xl border border-white/10 bg-white/10 text-cyan-200 shadow-lg shadow-cyan-500/10 backdrop-blur-xl"">"
"D:\projects\admin-dashboard\app\(admin)\ai\page.tsx","159","                    <p className=""text-sm font-semibold text-white"">"
"D:\projects\admin-dashboard\app\(admin)\ai\page.tsx","163","                    <span className=""inline-flex items-center gap-2 rounded-full border border-white/10 bg-white/10 px-3 py-1 text-xs font-semibold uppercase tracking-[0.18em] text-slate-200 shadow-sm backdrop-blur-xl"">"
"D:\projects\admin-dashboard\app\(admin)\ai\page.tsx","169","                  <p className=""mt-1 text-xs text-slate-500"">"
"D:\projects\admin-dashboard\app\(admin)\ai\page.tsx","192","                  <p className=""mt-2 text-sm text-slate-400"">"
"D:\projects\admin-dashboard\app\(admin)\ai\page.tsx","200","                      ? ""bg-red-500/10 text-red-300"""
"D:\projects\admin-dashboard\app\(admin)\ai\page.tsx","201","                      : ""bg-white/[0.06] text-slate-400"""
"D:\projects\admin-dashboard\app\(admin)\ai\page.tsx","214","                    className=""rounded-xl border border-white/10 bg-white/[0.05] px-3 py-2 text-xs text-slate-300 transition hover:border-sky-200/30 hover:bg-sky-100/10 hover:text-white hover:shadow-[0_0_18px_rgba(186,230,253,0.18)]"""
"D:\projects\admin-dashboard\app\(admin)\ai\page.tsx","227","                className={`min-h-[260px] w-full resize-none rounded-3xl border border-white/10 bg-black/30 p-4 text-sm leading-6 text-slate-100 outline-none placeholder:text-slate-500 shadow-inner shadow-black/20 backdrop-blur-xl focus:border-cyan-300/40 focus:ring-2 focus:ring-cyan-300/20`}"
"D:\projects\admin-dashboard\app\(admin)\ai\page.tsx","231","                <div className=""mt-4 flex gap-3 rounded-2xl border border-red-500/20 bg-red-500/10 p-4 text-sm text-red-300"">"
"D:\projects\admin-dashboard\app\(admin)\ai\page.tsx","238","                <p className=""max-w-2xl text-xs leading-6 text-slate-500"">"
"D:\projects\admin-dashboard\app\(admin)\ai\page.tsx","249","                  className=""inline-flex items-center justify-center gap-2 rounded-2xl bg-cyan-300 px-5 py-3 text-sm font-bold text-slate-950 shadow-lg shadow-cyan-500/20 transition hover:bg-cyan-200 disabled:cursor-not-allowed disabled:opacity-50"""
"D:\projects\admin-dashboard\app\(admin)\ai\page.tsx","268","                <div className=""flex h-12 w-12 items-center justify-center rounded-2xl border border-white/10 bg-white/10 text-cyan-200 shadow-lg shadow-cyan-500/10 backdrop-blur-xl"">"
"D:\projects\admin-dashboard\app\(admin)\ai\page.tsx","277","                  <p className=""text-sm text-slate-400"">"
"D:\projects\admin-dashboard\app\(admin)\ai\page.tsx","284","                <div className=""flex min-h-[420px] items-center justify-center rounded-3xl border border-white/10 bg-black/20 p-6"">"
"D:\projects\admin-dashboard\app\(admin)\ai\page.tsx","288","                    <p className=""mt-4 text-sm text-slate-400"">"
"D:\projects\admin-dashboard\app\(admin)\ai\page.tsx","294","                <div className=""max-h-[760px] overflow-auto whitespace-pre-wrap rounded-3xl border border-white/10 bg-black/20 p-5 text-sm leading-7 text-slate-100 shadow-inner"">"
"D:\projects\admin-dashboard\app\(admin)\ai\page.tsx","298","                <div className=""flex min-h-[420px] items-center justify-center rounded-3xl border border-dashed border-white/10 bg-black/20 p-6 text-center"">"
"D:\projects\admin-dashboard\app\(admin)\ai\page.tsx","300","                    <Bot className=""mx-auto h-8 w-8 text-slate-600"" />"
"D:\projects\admin-dashboard\app\(admin)\ai\page.tsx","302","                    <p className=""mt-4 text-sm font-medium text-slate-300"">"
"D:\projects\admin-dashboard\app\(admin)\ai\page.tsx","306","                    <p className=""mt-2 text-xs text-slate-500"">"
"D:\projects\admin-dashboard\app\(admin)\audit-logs\components\AuditDetails.tsx","10","      return ""border-red-500/20 bg-red-500/10 text-red-700 dark:text-red-300"";"
"D:\projects\admin-dashboard\app\(admin)\audit-logs\components\AuditDetails.tsx","20","    <div className=""rounded-2xl border border-white/50 bg-white/50 p-4 backdrop-blur-xl dark:border-white/10 dark:bg-black/20"">"
"D:\projects\admin-dashboard\app\(admin)\audit-logs\components\AuditDetails.tsx","21","      <p className=""text-xs uppercase tracking-[0.15em] text-slate-500 dark:text-slate-400"">"
"D:\projects\admin-dashboard\app\(admin)\audit-logs\components\AuditDetails.tsx","32","    <section className=""sticky top-6 h-fit max-h-[calc(100vh-3rem)] overflow-auto rounded-3xl border border-white/50 bg-white/60 p-6 shadow-sm backdrop-blur-2xl dark:border-white/10 dark:bg-white/[0.06]"">"
"D:\projects\admin-dashboard\app\(admin)\audit-logs\components\AuditDetails.tsx","41","              <p className=""mt-1 text-sm text-slate-500"">"
"D:\projects\admin-dashboard\app\(admin)\audit-logs\components\AuditDetails.tsx","56","            <div className=""rounded-2xl border border-red-500/20 bg-red-500/10 p-4 text-sm text-red-700 dark:text-red-200"">"
"D:\projects\admin-dashboard\app\(admin)\audit-logs\components\AuditDetails.tsx","62","              <p className=""mt-1 text-xs text-red-700/80 dark:text-red-200/80"">"
"D:\projects\admin-dashboard\app\(admin)\audit-logs\components\AuditDetails.tsx","87","          <div className=""rounded-2xl border border-white/50 bg-white/50 p-4 backdrop-blur-xl dark:border-white/10 dark:bg-black/20"">"
"D:\projects\admin-dashboard\app\(admin)\audit-logs\components\AuditDetails.tsx","88","            <p className=""text-xs uppercase tracking-[0.15em] text-slate-500 dark:text-slate-400"">"
"D:\projects\admin-dashboard\app\(admin)\audit-logs\components\AuditDetails.tsx","92","            <pre className=""mt-3 max-h-[500px] overflow-auto whitespace-pre-wrap text-xs text-slate-800 dark:text-slate-200"">"
"D:\projects\admin-dashboard\app\(admin)\audit-logs\components\AuditDetails.tsx","98","        <p className=""text-slate-500"">Select an audit event.</p>"
"D:\projects\admin-dashboard\app\(admin)\audit-logs\components\AuditFilters.tsx","35","    <section className=""rounded-3xl border border-white/50 bg-white/60 p-4 shadow-sm backdrop-blur-2xl dark:border-white/10 dark:bg-white/[0.06]"">"
"D:\projects\admin-dashboard\app\(admin)\audit-logs\components\AuditFilters.tsx","40","            className=""mb-2 block text-xs uppercase tracking-[0.15em] text-slate-500 dark:text-slate-400"""
"D:\projects\admin-dashboard\app\(admin)\audit-logs\components\AuditFilters.tsx","46","            <Search className=""pointer-events-none absolute left-4 top-1/2 h-4 w-4 -translate-y-1/2 text-slate-500"" />"
"D:\projects\admin-dashboard\app\(admin)\audit-logs\components\AuditFilters.tsx","55","              className=""w-full rounded-2xl border border-white/50 bg-white/70 py-3 pl-11 pr-4 text-sm outline-none backdrop-blur-xl transition focus:border-blue-400/60 focus:ring-4 focus:ring-blue-500/10 dark:border-white/10 dark:bg-black/20"""
"D:\projects\admin-dashboard\app\(admin)\audit-logs\components\AuditFilters.tsx","120","          className=""inline-flex items-center justify-center gap-2 rounded-2xl border border-white/50 bg-white/70 px-4 py-3 text-sm font-medium backdrop-blur-xl transition hover:bg-white/90 dark:border-white/10 dark:bg-black/20 dark:hover:bg-white/[0.08]"""
"D:\projects\admin-dashboard\app\(admin)\audit-logs\components\AuditList.tsx","11","      return ""border-red-500/20 bg-red-500/10 text-red-700 dark:text-red-300"";"
"D:\projects\admin-dashboard\app\(admin)\audit-logs\components\AuditList.tsx","20","  if (score >= 70) return ""w-full bg-red-400"";"
"D:\projects\admin-dashboard\app\(admin)\audit-logs\components\AuditList.tsx","25","  return ""w-[10%] bg-slate-400"";"
"D:\projects\admin-dashboard\app\(admin)\audit-logs\components\AuditList.tsx","40","    <section className=""rounded-3xl border border-white/50 bg-white/60 shadow-sm backdrop-blur-2xl dark:border-white/10 dark:bg-white/[0.06]"">"
"D:\projects\admin-dashboard\app\(admin)\audit-logs\components\AuditList.tsx","41","      <div className=""border-b border-white/50 p-4 dark:border-white/10"">"
"D:\projects\admin-dashboard\app\(admin)\audit-logs\components\AuditList.tsx","42","        <div className=""flex items-center gap-2 text-sm text-slate-600 dark:text-slate-400"">"
"D:\projects\admin-dashboard\app\(admin)\audit-logs\components\AuditList.tsx","63","                      ? ""border-blue-400/40 bg-blue-500/10"""
"D:\projects\admin-dashboard\app\(admin)\audit-logs\components\AuditList.tsx","64","                      : ""border-white/50 bg-white/45 hover:bg-white/70 dark:border-white/10 dark:bg-black/10 dark:hover:bg-white/[0.08]"""
"D:\projects\admin-dashboard\app\(admin)\audit-logs\components\AuditList.tsx","78","                        <span className=""rounded-full border border-red-500/20 bg-red-500/10 px-2 py-1 text-[10px] uppercase tracking-[0.15em] text-red-700 dark:text-red-300"">"
"D:\projects\admin-dashboard\app\(admin)\audit-logs\components\AuditList.tsx","93","                  <div className=""mt-2 text-xs text-slate-500"">"
"D:\projects\admin-dashboard\app\(admin)\audit-logs\components\AuditList.tsx","97","                  <div className=""mt-2 truncate text-xs text-slate-600 dark:text-slate-400"">"
"D:\projects\admin-dashboard\app\(admin)\audit-logs\components\AuditList.tsx","101","                  <div className=""truncate text-xs text-slate-500"">"
"D:\projects\admin-dashboard\app\(admin)\audit-logs\components\AuditList.tsx","105","                  <div className=""mt-2 text-[10px] uppercase tracking-[0.15em] text-slate-500"">"
"D:\projects\admin-dashboard\app\(admin)\audit-logs\components\AuditList.tsx","109","                  <div className=""mt-3 h-2 overflow-hidden rounded-full bg-slate-950/10 dark:bg-black/50"">"
"D:\projects\admin-dashboard\app\(admin)\audit-logs\components\AuditList.tsx","115","                  <div className=""mt-1 text-[10px] uppercase tracking-[0.15em] text-slate-500"">"
"D:\projects\admin-dashboard\app\(admin)\audit-logs\components\AuditList.tsx","123","          <div className=""rounded-2xl border border-white/50 bg-white/40 p-4 text-sm text-slate-500 dark:border-white/10 dark:bg-black/20"">"
"D:\projects\admin-dashboard\app\(admin)\audit-logs\components\AuditWatchList.tsx","32","      <section className=""rounded-3xl border border-white/50 bg-white/60 p-5 shadow-sm backdrop-blur-2xl dark:border-white/10 dark:bg-white/[0.06]"">"
"D:\projects\admin-dashboard\app\(admin)\audit-logs\components\AuditWatchList.tsx","33","        <h3 className=""text-sm font-semibold uppercase tracking-[0.15em] text-slate-500 dark:text-slate-400"">"
"D:\projects\admin-dashboard\app\(admin)\audit-logs\components\AuditWatchList.tsx","44","                className=""w-full rounded-2xl border border-white/50 bg-white/50 p-3 text-left backdrop-blur-xl transition hover:bg-white/80 dark:border-white/10 dark:bg-black/20 dark:hover:bg-white/[0.08]"""
"D:\projects\admin-dashboard\app\(admin)\audit-logs\components\AuditWatchList.tsx","48","                <p className=""mt-1 text-xs text-slate-500"">"
"D:\projects\admin-dashboard\app\(admin)\audit-logs\components\AuditWatchList.tsx","54","            <p className=""text-sm text-slate-500"">No actor activity loaded.</p>"
"D:\projects\admin-dashboard\app\(admin)\audit-logs\components\AuditWatchList.tsx","59","      <section className=""rounded-3xl border border-red-500/20 bg-red-500/10 p-5 shadow-sm backdrop-blur-2xl"">"
"D:\projects\admin-dashboard\app\(admin)\audit-logs\components\AuditWatchList.tsx","60","        <h3 className=""text-sm font-semibold uppercase tracking-[0.15em] text-red-700 dark:text-red-200"">"
"D:\projects\admin-dashboard\app\(admin)\audit-logs\components\AuditWatchList.tsx","71","                className=""w-full rounded-2xl border border-red-500/20 bg-white/40 p-3 text-left backdrop-blur-xl transition hover:bg-red-500/10 dark:bg-black/20"""
"D:\projects\admin-dashboard\app\(admin)\audit-logs\components\AuditWatchList.tsx","77","                <p className=""mt-1 text-xs text-red-700/80 dark:text-red-200/80"">"
"D:\projects\admin-dashboard\app\(admin)\audit-logs\components\AuditWatchList.tsx","81","                <p className=""mt-1 truncate text-xs text-red-700/60 dark:text-red-200/60"">"
"D:\projects\admin-dashboard\app\(admin)\audit-logs\components\AuditWatchList.tsx","87","            <p className=""text-sm text-red-700/70 dark:text-red-200/70"">"
"D:\projects\admin-dashboard\app\(admin)\audit-logs\components\SelectField.tsx","18","        className=""mb-2 block text-xs uppercase tracking-[0.15em] text-slate-500 dark:text-slate-400"""
"D:\projects\admin-dashboard\app\(admin)\audit-logs\components\SelectField.tsx","28","        className=""w-full rounded-2xl border border-white/50 bg-white/70 px-4 py-3 text-sm outline-none backdrop-blur-xl transition focus:border-blue-400/60 focus:ring-4 focus:ring-blue-500/10 dark:border-white/10 dark:bg-black/20"""
"D:\projects\admin-dashboard\app\(admin)\audit-logs\components\SelectField.tsx","31","          <option key={option.value} value={option.value} className=""bg-white text-slate-950 dark:bg-slate-950 dark:text-white"">"
"D:\projects\admin-dashboard\app\(admin)\audit-logs\components\SummaryCard.tsx","14","          ? ""border-red-500/20 bg-red-500/10"""
"D:\projects\admin-dashboard\app\(admin)\audit-logs\components\SummaryCard.tsx","15","          : ""border-white/50 bg-white/60 dark:border-white/10 dark:bg-white/[0.06]"""
"D:\projects\admin-dashboard\app\(admin)\audit-logs\components\SummaryCard.tsx","18","      <p className=""text-xs uppercase tracking-[0.18em] text-slate-500 dark:text-slate-400"">"
"D:\projects\admin-dashboard\app\(admin)\audit-logs\page.tsx","289","            <div className=""relative flex items-center gap-3 p-6 text-slate-300"">"
"D:\projects\admin-dashboard\app\(admin)\audit-logs\page.tsx","315","          <div className=""rounded-3xl border border-red-500/20 bg-red-500/10 px-6 py-5 text-sm text-red-300 shadow-[0_0_35px_rgba(239,68,68,0.18)]"">"
"D:\projects\admin-dashboard\app\(admin)\audit-logs\page.tsx","333","              <div className={""inline-flex items-center gap-2 rounded-full border border-white/10 bg-white/10 px-3 py-1 text-xs font-semibold uppercase tracking-[0.18em] text-slate-200 shadow-sm backdrop-blur-xl""}>"
"D:\projects\admin-dashboard\app\(admin)\audit-logs\page.tsx","345","                <p className=""mt-3 max-w-3xl text-sm leading-7 text-slate-300"">"
"D:\projects\admin-dashboard\app\(admin)\audit-logs\page.tsx","369","                className={""inline-flex items-center justify-center gap-2 rounded-2xl border border-white/10 bg-transparent px-4 py-2 text-sm font-semibold text-slate-300 transition hover:bg-white/10 hover:text-white disabled:cursor-not-allowed disabled:opacity-50""}"
"D:\projects\admin-dashboard\app\(admin)\audit-logs\page.tsx","382","                className={""inline-flex items-center justify-center gap-2 rounded-2xl bg-cyan-300 px-5 py-3 text-sm font-bold text-slate-950 shadow-lg shadow-cyan-500/20 transition hover:bg-cyan-200 disabled:cursor-not-allowed disabled:opacity-50""}"
"D:\projects\admin-dashboard\app\(admin)\command-center\components\CommandHero.tsx","10","    <section className=""rounded-3xl border border-white/10 bg-gradient-to-br from-white/[0.08] via-neutral-950/90 to-red-950/30 p-6 shadow-2xl shadow-black/30 backdrop-blur-2xl"">"
"D:\projects\admin-dashboard\app\(admin)\command-center\components\CommandHero.tsx","13","          <p className=""text-sm font-semibold uppercase tracking-[0.3em] text-red-300"">"
"D:\projects\admin-dashboard\app\(admin)\command-center\components\CommandHero.tsx","17","          <h1 className=""mt-2 text-3xl font-bold tracking-tight text-white md:text-4xl"">"
"D:\projects\admin-dashboard\app\(admin)\command-center\components\CommandHero.tsx","21","          <p className=""mt-3 max-w-3xl text-sm leading-6 text-neutral-300"">"
"D:\projects\admin-dashboard\app\(admin)\command-center\components\CommandHero.tsx","28","        <div className=""rounded-2xl border border-white/10 bg-black/30 px-4 py-3 text-sm text-neutral-300 backdrop-blur-xl"">"
"D:\projects\admin-dashboard\app\(admin)\command-center\components\CommandHero.tsx","36","              Monitoring <strong className=""text-white"">{openIssues}</strong>{"" ""}"
"D:\projects\admin-dashboard\app\(admin)\command-center\components\EmptyState.tsx","7","    <div className=""rounded-2xl border border-dashed border-white/10 bg-white/[0.03] p-6 text-sm leading-6 text-neutral-400"">"
"D:\projects\admin-dashboard\app\(admin)\command-center\components\HospiceList.tsx","18","          className=""rounded-2xl border border-white/10 bg-white/[0.04] p-4"""
"D:\projects\admin-dashboard\app\(admin)\command-center\components\HospiceList.tsx","20","          <h3 className=""font-semibold text-white"">"
"D:\projects\admin-dashboard\app\(admin)\command-center\components\HospiceList.tsx","24","          <p className=""mt-1 text-sm text-neutral-400"">"
"D:\projects\admin-dashboard\app\(admin)\command-center\components\HospiceList.tsx","29","            <span className=""text-neutral-400"">Status</span>"
"D:\projects\admin-dashboard\app\(admin)\command-center\components\HospiceList.tsx","30","            <span className=""font-semibold text-white"">"
"D:\projects\admin-dashboard\app\(admin)\command-center\components\IssueList.tsx","21","          className=""rounded-2xl border border-white/10 bg-white/[0.04] p-4"""
"D:\projects\admin-dashboard\app\(admin)\command-center\components\IssueList.tsx","25","              <h3 className=""font-semibold text-white"">"
"D:\projects\admin-dashboard\app\(admin)\command-center\components\IssueList.tsx","29","              <p className=""mt-1 text-sm text-neutral-400"">"
"D:\projects\admin-dashboard\app\(admin)\command-center\components\IssueList.tsx","45","            <p className=""mt-3 text-sm leading-6 text-neutral-300"">"
"D:\projects\admin-dashboard\app\(admin)\command-center\components\JarvisPanel.tsx","84","      <Zap className={`absolute ${boltSize} text-slate-950/80`} />"
"D:\projects\admin-dashboard\app\(admin)\command-center\components\JarvisPanel.tsx","146","    <section className=""relative mx-auto w-full max-w-5xl min-w-0 overflow-hidden rounded-[1.75rem] border border-white/10 bg-slate-950/90 shadow-2xl shadow-black/30 backdrop-blur-xl"">"
"D:\projects\admin-dashboard\app\(admin)\command-center\components\JarvisPanel.tsx","152","      <header className=""relative border-b border-white/10 px-4 py-3 sm:px-5"">"
"D:\projects\admin-dashboard\app\(admin)\command-center\components\JarvisPanel.tsx","158","              <h2 className=""flex min-w-0 flex-wrap items-center gap-2 text-lg font-bold leading-7 text-white"">"
"D:\projects\admin-dashboard\app\(admin)\command-center\components\JarvisPanel.tsx","169","              <p className=""mt-1 max-w-2xl break-words text-xs leading-5 text-slate-400"">"
"D:\projects\admin-dashboard\app\(admin)\command-center\components\JarvisPanel.tsx","181","              className=""inline-flex shrink-0 items-center justify-center gap-2 rounded-2xl border border-white/10 bg-white/[0.06] px-3 py-2 text-xs font-semibold text-slate-300 transition-colors hover:bg-white/[0.12] hover:text-white focus:outline-none focus:ring-2 focus:ring-sky-200/30"""
"D:\projects\admin-dashboard\app\(admin)\command-center\components\JarvisPanel.tsx","190","      <div className=""relative flex h-[520px] min-w-0 flex-col bg-black/20"">"
"D:\projects\admin-dashboard\app\(admin)\command-center\components\JarvisPanel.tsx","191","        <div className=""border-b border-white/10 bg-slate-950/50 px-4 py-3 sm:px-5"">"
"D:\projects\admin-dashboard\app\(admin)\command-center\components\JarvisPanel.tsx","202","                  className=""inline-flex min-w-0 items-center justify-center gap-2 rounded-2xl border border-white/10 bg-white/[0.05] px-3 py-2 text-xs font-semibold text-slate-300 transition-colors hover:border-cyan-300/30 hover:bg-cyan-300/10 hover:text-white focus:outline-none focus:ring-2 focus:ring-sky-200/30 disabled:cursor-not-allowed disabled:opacity-50"""
"D:\projects\admin-dashboard\app\(admin)\command-center\components\JarvisPanel.tsx","232","                        ? ""rounded-br-md bg-sky-200 text-slate-950"""
"D:\projects\admin-dashboard\app\(admin)\command-center\components\JarvisPanel.tsx","233","                        : ""rounded-bl-md border border-white/10 bg-slate-900/95 text-slate-100"""
"D:\projects\admin-dashboard\app\(admin)\command-center\components\JarvisPanel.tsx","242","                    <div className=""mt-1 flex h-7 w-7 shrink-0 items-center justify-center rounded-full border border-white/10 bg-white/[0.08] text-slate-300"">"
"D:\projects\admin-dashboard\app\(admin)\command-center\components\JarvisPanel.tsx","250","            <div className=""flex h-full min-h-[260px] items-center justify-center rounded-3xl border border-dashed border-white/10 bg-slate-950/50 p-6 text-center"">"
"D:\projects\admin-dashboard\app\(admin)\command-center\components\JarvisPanel.tsx","256","                <p className=""mt-3 text-sm font-semibold text-slate-300"">"
"D:\projects\admin-dashboard\app\(admin)\command-center\components\JarvisPanel.tsx","260","                <p className=""mt-1 max-w-md text-xs leading-5 text-slate-500"">"
"D:\projects\admin-dashboard\app\(admin)\command-center\components\JarvisPanel.tsx","272","              <div className=""min-w-0 rounded-[1.25rem] rounded-bl-md border border-white/10 bg-slate-900/95 px-4 py-3 text-sm leading-6 text-slate-300"">"
"D:\projects\admin-dashboard\app\(admin)\command-center\components\JarvisPanel.tsx","285","          <div className=""mx-4 mb-3 rounded-2xl border border-red-400/20 bg-red-500/10 px-4 py-3 text-sm leading-6 text-red-200 sm:mx-5"">"
"D:\projects\admin-dashboard\app\(admin)\command-center\components\JarvisPanel.tsx","290","        <div className=""border-t border-white/10 bg-slate-950/80 px-4 py-3 backdrop-blur-xl sm:px-5"">"
"D:\projects\admin-dashboard\app\(admin)\command-center\components\JarvisPanel.tsx","298","                className=""rounded-full border border-white/10 bg-white/[0.05] px-3 py-1 text-xs leading-5 text-slate-400 transition-colors hover:border-cyan-300/30 hover:bg-cyan-300/10 hover:text-white focus:outline-none focus:ring-2 focus:ring-sky-200/30 disabled:cursor-not-allowed disabled:opacity-50"""
"D:\projects\admin-dashboard\app\(admin)\command-center\components\JarvisPanel.tsx","317","              className=""max-h-32 min-h-[46px] flex-1 resize-none rounded-3xl border border-white/10 bg-black/40 px-4 py-2.5 text-sm leading-6 text-white outline-none transition-colors placeholder:text-slate-500 focus:border-sky-300/40 focus:ring-2 focus:ring-sky-100/20"""
"D:\projects\admin-dashboard\app\(admin)\command-center\components\JarvisPanel.tsx","325","              className=""flex h-11 w-11 shrink-0 items-center justify-center rounded-full bg-sky-200 text-slate-950 transition-colors hover:bg-sky-100 focus:outline-none focus:ring-2 focus:ring-sky-200/40 disabled:cursor-not-allowed disabled:opacity-50"""
"D:\projects\admin-dashboard\app\(admin)\command-center\components\JarvisPanel.tsx","338","                remainingCharacters < 0 ? ""text-red-300"" : ""text-slate-600"""
"D:\projects\admin-dashboard\app\(admin)\command-center\components\JarvisPanel.tsx","344","            <p className=""text-slate-600"">"
"D:\projects\admin-dashboard\app\(admin)\command-center\components\MiniCard.tsx","17","        <p className=""mt-2 min-w-0 break-words text-2xl font-black leading-none tracking-tight text-white"">"
"D:\projects\admin-dashboard\app\(admin)\command-center\components\Panel.tsx","12","    <section className=""rounded-3xl border border-white/10 bg-white/[0.06] p-5 shadow-xl shadow-black/20 backdrop-blur-2xl"">"
"D:\projects\admin-dashboard\app\(admin)\command-center\components\Panel.tsx","14","        <div className=""rounded-2xl border border-white/10 bg-white/5 p-2"">"
"D:\projects\admin-dashboard\app\(admin)\command-center\components\Panel.tsx","19","          <h2 className=""text-lg font-bold text-white"">{title}</h2>"
"D:\projects\admin-dashboard\app\(admin)\command-center\components\Panel.tsx","20","          <p className=""mt-1 text-sm text-neutral-400"">{subtitle}</p>"
"D:\projects\admin-dashboard\app\(admin)\command-center\components\RecallList.tsx","19","          className=""rounded-2xl border border-white/10 bg-white/[0.04] p-4"""
"D:\projects\admin-dashboard\app\(admin)\command-center\components\RecallList.tsx","23","              <h3 className=""font-semibold text-white"">"
"D:\projects\admin-dashboard\app\(admin)\command-center\components\RecallList.tsx","27","              <p className=""mt-1 text-sm text-neutral-400"">"
"D:\projects\admin-dashboard\app\(admin)\command-center\components\StatCard.tsx","13","      ? ""from-red-500/20 to-red-950/20 text-red-200"""
"D:\projects\admin-dashboard\app\(admin)\command-center\components\StatCard.tsx","17","          ? ""from-yellow-500/20 to-yellow-950/20 text-yellow-200"""
"D:\projects\admin-dashboard\app\(admin)\command-center\components\StatCard.tsx","18","          : ""from-blue-500/20 to-blue-950/20 text-blue-200"";"
"D:\projects\admin-dashboard\app\(admin)\command-center\components\StatCard.tsx","21","    <div className=""rounded-3xl border border-white/10 bg-white/[0.06] p-5 shadow-xl shadow-black/20 backdrop-blur-2xl"">"
"D:\projects\admin-dashboard\app\(admin)\command-center\components\StatCard.tsx","28","      <p className=""text-sm text-neutral-400"">{title}</p>"
"D:\projects\admin-dashboard\app\(admin)\command-center\components\StatCard.tsx","29","      <p className=""mt-2 text-3xl font-bold text-white"">{value}</p>"
"D:\projects\admin-dashboard\app\(admin)\command-center\components\TaskList.tsx","21","          className=""rounded-2xl border border-white/10 bg-white/[0.04] p-4"""
"D:\projects\admin-dashboard\app\(admin)\command-center\components\TaskList.tsx","25","              <h3 className=""font-semibold text-white"">"
"D:\projects\admin-dashboard\app\(admin)\command-center\components\TaskList.tsx","29","              <p className=""mt-1 text-sm text-neutral-400"">"
"D:\projects\admin-dashboard\app\(admin)\command-center\components\TaskList.tsx","45","            <p className=""mt-3 text-sm leading-6 text-neutral-300"">"
"D:\projects\admin-dashboard\app\(admin)\command-center\components\TaskList.tsx","51","            <p className=""mt-3 text-xs font-semibold uppercase tracking-wide text-red-300"">"
"D:\projects\admin-dashboard\app\(admin)\command-center\utils\commandCenterFormat.ts","14","      return ""border-red-500/40 bg-red-500/10 text-red-200"";"
"D:\projects\admin-dashboard\app\(admin)\command-center\utils\commandCenterFormat.ts","21","      return ""border-yellow-500/40 bg-yellow-500/10 text-yellow-200"";"
"D:\projects\admin-dashboard\app\(admin)\command-center\utils\commandCenterFormat.ts","25","      return ""border-blue-500/40 bg-blue-500/10 text-blue-200"";"
"D:\projects\admin-dashboard\app\(admin)\command-center\utils\commandCenterFormat.ts","32","      return ""border-white/10 bg-white/5 text-neutral-300"";"
"D:\projects\admin-dashboard\app\(admin)\dashboard\components\sections\BirthdaysSection.tsx","22","        <div className=""rounded-2xl bg-black/20 p-4"">"
"D:\projects\admin-dashboard\app\(admin)\dashboard\components\sections\BirthdaysSection.tsx","23","          <p className=""text-xs text-white/50"">Today</p>"
"D:\projects\admin-dashboard\app\(admin)\dashboard\components\sections\BirthdaysSection.tsx","32","        <div className=""rounded-2xl bg-black/20 p-4"">"
"D:\projects\admin-dashboard\app\(admin)\dashboard\components\sections\BirthdaysSection.tsx","33","          <p className=""text-xs text-white/50"">"
"D:\projects\admin-dashboard\app\(admin)\dashboard\components\sections\BirthdaysSection.tsx","44","        <div className=""rounded-2xl bg-black/20 p-4"">"
"D:\projects\admin-dashboard\app\(admin)\dashboard\components\sections\BirthdaysSection.tsx","45","          <p className=""text-xs text-white/50"">"
"D:\projects\admin-dashboard\app\(admin)\dashboard\components\sections\RentalsSection.tsx","22","              className=""rounded-2xl border border-white/10 bg-black/20 p-4"""
"D:\projects\admin-dashboard\app\(admin)\dashboard\components\sections\RentalsSection.tsx","24","              <p className=""font-semibold text-white"">"
"D:\projects\admin-dashboard\app\(admin)\dashboard\components\sections\RentalsSection.tsx","28","              <p className=""text-sm text-white/50"">"
"D:\projects\admin-dashboard\app\(admin)\dashboard\components\sections\RentalsSection.tsx","32","              <p className=""mt-2 text-sm font-semibold text-white"">"
"D:\projects\admin-dashboard\app\(admin)\dashboard\components\sections\WipEmployeeSection.tsx","27","              className=""rounded-2xl border border-white/10 bg-black/20 p-4"""
"D:\projects\admin-dashboard\app\(admin)\dashboard\components\sections\WipEmployeeSection.tsx","29","              <p className=""font-semibold text-white"">"
"D:\projects\admin-dashboard\app\(admin)\dashboard\components\sections\WipEmployeeSection.tsx","36","                <div className=""rounded-xl bg-white/10 p-2"">"
"D:\projects\admin-dashboard\app\(admin)\dashboard\components\sections\WipEmployeeSection.tsx","37","                  <p className=""text-white/50"">Open</p>"
"D:\projects\admin-dashboard\app\(admin)\dashboard\components\sections\WipEmployeeSection.tsx","38","                  <p className=""font-bold text-white"">"
"D:\projects\admin-dashboard\app\(admin)\dashboard\components\sections\WipEmployeeSection.tsx","43","                <div className=""rounded-xl bg-white/10 p-2"">"
"D:\projects\admin-dashboard\app\(admin)\dashboard\components\sections\WipEmployeeSection.tsx","44","                  <p className=""text-white/50"">Done</p>"
"D:\projects\admin-dashboard\app\(admin)\dashboard\components\sections\WipEmployeeSection.tsx","45","                  <p className=""font-bold text-white"">"
"D:\projects\admin-dashboard\app\(admin)\dashboard\components\sections\WipEmployeeSection.tsx","50","                <div className=""rounded-xl bg-white/10 p-2"">"
"D:\projects\admin-dashboard\app\(admin)\dashboard\components\sections\WipEmployeeSection.tsx","51","                  <p className=""text-white/50"">Pending</p>"
"D:\projects\admin-dashboard\app\(admin)\dashboard\components\sections\WipEmployeeSection.tsx","52","                  <p className=""font-bold text-white"">"
"D:\projects\admin-dashboard\app\(admin)\inventory\components\fields\FilterSelect.tsx","22","      className=""rounded-2xl border border-white/10 bg-black/45 px-4 py-3 text-sm text-white outline-none shadow-inner shadow-black/20 backdrop-blur-xl transition focus:border-white/30 focus:bg-black/55"""
"D:\projects\admin-dashboard\app\(admin)\inventory\components\fields\ScanInput.tsx","23","      <label htmlFor={inputId} className=""mb-2 block text-sm text-slate-300"">"
"D:\projects\admin-dashboard\app\(admin)\inventory\components\fields\ScanInput.tsx","35","          className=""w-full rounded-2xl border border-white/10 bg-black/45 px-4 py-3 text-white outline-none placeholder:text-slate-600 shadow-inner shadow-black/20 backdrop-blur-xl transition focus:border-white/30 focus:bg-black/55"""
"D:\projects\admin-dashboard\app\(admin)\inventory\components\fields\ScanInput.tsx","41","          className=""rounded-2xl border border-white/10 bg-white/10 px-4 text-white shadow-lg shadow-black/20 backdrop-blur-xl transition hover:bg-white/15"""
"D:\projects\admin-dashboard\app\(admin)\inventory\components\fields\SearchInput.tsx","13","      <Search className=""pointer-events-none absolute left-3 top-3.5 h-4 w-4 text-slate-500"" />"
"D:\projects\admin-dashboard\app\(admin)\inventory\components\fields\SearchInput.tsx","21","        className=""w-full rounded-2xl border border-white/10 bg-black/45 py-3 pl-10 pr-4 text-sm text-white outline-none placeholder:text-slate-600 shadow-inner shadow-black/20 backdrop-blur-xl transition focus:border-white/30 focus:bg-black/55"""
"D:\projects\admin-dashboard\app\(admin)\inventory\components\fields\SelectInput.tsx","24","      <label htmlFor={selectId} className=""mb-2 block text-sm text-slate-300"">"
"D:\projects\admin-dashboard\app\(admin)\inventory\components\fields\SelectInput.tsx","34","        className=""w-full rounded-2xl border border-white/10 bg-black/45 px-4 py-3 text-white outline-none shadow-inner shadow-black/20 backdrop-blur-xl transition focus:border-white/30 focus:bg-black/55"""
"D:\projects\admin-dashboard\app\(admin)\inventory\components\fields\Textarea.tsx","16","      <label htmlFor={textareaId} className=""mb-2 block text-sm text-slate-300"">"
"D:\projects\admin-dashboard\app\(admin)\inventory\components\fields\Textarea.tsx","28","        className=""w-full resize-none rounded-2xl border border-white/10 bg-black/45 px-4 py-3 text-white outline-none placeholder:text-slate-600 shadow-inner shadow-black/20 backdrop-blur-xl transition focus:border-white/30 focus:bg-black/55"""
"D:\projects\admin-dashboard\app\(admin)\inventory\components\fields\TextInput.tsx","24","      <label htmlFor={inputId} className=""mb-2 block text-sm text-slate-300"">"
"D:\projects\admin-dashboard\app\(admin)\inventory\components\fields\TextInput.tsx","37","        className=""w-full rounded-2xl border border-white/10 bg-black/45 px-4 py-3 text-white outline-none placeholder:text-slate-600 shadow-inner shadow-black/20 backdrop-blur-xl transition focus:border-white/30 focus:bg-black/55"""
"D:\projects\admin-dashboard\app\(admin)\inventory\components\InventoryBatchActions.tsx","25","        className=""inline-flex items-center gap-2 rounded-2xl border border-white/10 bg-white/10 px-4 py-2 text-sm text-white shadow-lg shadow-black/20 backdrop-blur-xl transition hover:bg-white/15"""
"D:\projects\admin-dashboard\app\(admin)\inventory\components\InventoryBatchActions.tsx","35","        className=""rounded-2xl border border-yellow-500/20 bg-yellow-500/10 px-4 py-2 text-sm text-yellow-200 shadow-lg shadow-black/20 backdrop-blur-xl transition hover:bg-yellow-500/20 disabled:cursor-not-allowed disabled:opacity-40"""
"D:\projects\admin-dashboard\app\(admin)\inventory\components\InventoryBatchActions.tsx","44","        className=""rounded-2xl border border-red-500/20 bg-red-500/10 px-4 py-2 text-sm text-red-300 shadow-lg shadow-black/20 backdrop-blur-xl transition hover:bg-red-500/20 disabled:cursor-not-allowed disabled:opacity-40"""
"D:\projects\admin-dashboard\app\(admin)\inventory\components\InventoryBatchActions.tsx","49","      <span className=""rounded-2xl border border-white/10 bg-black/40 px-4 py-2 text-sm text-slate-400 shadow-inner shadow-black/20 backdrop-blur-xl"">"
"D:\projects\admin-dashboard\app\(admin)\inventory\components\InventoryEmptyState.tsx","7","    <div className=""rounded-2xl border border-white/10 bg-black/30 p-8 text-center shadow-inner shadow-black/20"">"
"D:\projects\admin-dashboard\app\(admin)\inventory\components\InventoryEmptyState.tsx","8","      <div className=""mx-auto mb-3 flex h-12 w-12 items-center justify-center rounded-2xl bg-white/10"">"
"D:\projects\admin-dashboard\app\(admin)\inventory\components\InventoryEmptyState.tsx","9","        <ClipboardList className=""h-6 w-6 text-slate-300"" />"
"D:\projects\admin-dashboard\app\(admin)\inventory\components\InventoryEmptyState.tsx","12","      <h3 className=""font-semibold text-white"">No inventory records found.</h3>"
"D:\projects\admin-dashboard\app\(admin)\inventory\components\InventoryEmptyState.tsx","14","      <p className=""mt-1 text-sm text-slate-400"">"
"D:\projects\admin-dashboard\app\(admin)\inventory\components\InventoryForm.tsx","63","      className=""rounded-[2rem] border border-white/10 bg-white/[0.06] p-6 shadow-2xl shadow-black/30 backdrop-blur-2xl"""
"D:\projects\admin-dashboard\app\(admin)\inventory\components\InventoryForm.tsx","66","        <div className=""rounded-2xl border border-white/10 bg-white/10 p-3 shadow-inner shadow-white/5"">"
"D:\projects\admin-dashboard\app\(admin)\inventory\components\InventoryForm.tsx","68","            <Pencil className=""h-5 w-5 text-white"" />"
"D:\projects\admin-dashboard\app\(admin)\inventory\components\InventoryForm.tsx","70","            <PackagePlus className=""h-5 w-5 text-white"" />"
"D:\projects\admin-dashboard\app\(admin)\inventory\components\InventoryForm.tsx","75","          <h2 className=""text-xl font-bold text-white"">"
"D:\projects\admin-dashboard\app\(admin)\inventory\components\InventoryForm.tsx","79","          <p className=""text-sm text-slate-400"">"
"D:\projects\admin-dashboard\app\(admin)\inventory\components\InventoryForm.tsx","380","        <div className=""rounded-2xl border border-white/10 bg-black/40 p-4 text-sm text-slate-300 shadow-inner shadow-black/20 backdrop-blur-xl"">"
"D:\projects\admin-dashboard\app\(admin)\inventory\components\InventoryForm.tsx","382","          <span className=""font-bold text-white"">"
"D:\projects\admin-dashboard\app\(admin)\inventory\components\InventoryForm.tsx","389","          <span className=""font-bold text-white"">"
"D:\projects\admin-dashboard\app\(admin)\inventory\components\InventoryForm.tsx","398","            className=""inline-flex flex-1 items-center justify-center gap-2 rounded-2xl bg-white px-4 py-3 text-sm font-semibold text-black shadow-xl shadow-black/20 transition hover:opacity-90 disabled:cursor-not-allowed disabled:opacity-50"""
"D:\projects\admin-dashboard\app\(admin)\inventory\components\InventoryForm.tsx","412","            className=""rounded-2xl border border-white/10 bg-white/10 px-4 py-3 text-sm text-white shadow-lg shadow-black/20 backdrop-blur-xl transition hover:bg-white/15"""
"D:\projects\admin-dashboard\app\(admin)\inventory\components\InventoryHeader.tsx","17","    <section className=""rounded-[2rem] border border-white/10 bg-white/[0.07] p-6 shadow-2xl shadow-black/30 backdrop-blur-2xl"">"
"D:\projects\admin-dashboard\app\(admin)\inventory\components\InventoryHeader.tsx","20","          <div className=""rounded-2xl border border-white/10 bg-white/10 p-3 shadow-inner shadow-white/5"">"
"D:\projects\admin-dashboard\app\(admin)\inventory\components\InventoryHeader.tsx","27","            <p className=""text-sm text-slate-300"">"
"D:\projects\admin-dashboard\app\(admin)\inventory\components\InventoryHeader.tsx","32","            <p className=""mt-1 text-xs text-slate-500"">"
"D:\projects\admin-dashboard\app\(admin)\inventory\components\InventoryHeader.tsx","44","            className=""inline-flex items-center gap-2 rounded-2xl border border-white/10 bg-white/10 px-4 py-3 text-sm font-semibold text-white shadow-lg shadow-black/20 backdrop-blur-xl transition hover:bg-white/15"""
"D:\projects\admin-dashboard\app\(admin)\inventory\components\InventoryHeader.tsx","53","            className=""inline-flex items-center gap-2 rounded-2xl border border-white/10 bg-white/10 px-4 py-3 text-sm font-semibold text-white shadow-lg shadow-black/20 backdrop-blur-xl transition hover:bg-white/15"""
"D:\projects\admin-dashboard\app\(admin)\inventory\components\InventoryLoadingState.tsx","7","    <div className=""space-y-3 rounded-2xl border border-white/10 bg-black/30 p-4"">"
"D:\projects\admin-dashboard\app\(admin)\inventory\components\InventoryLoadingState.tsx","8","      <div className=""flex items-center gap-2 text-sm text-slate-300"">"
"D:\projects\admin-dashboard\app\(admin)\inventory\components\InventoryLoadingState.tsx","14","        <div className=""h-20 animate-pulse rounded-2xl bg-white/5"" />"
"D:\projects\admin-dashboard\app\(admin)\inventory\components\InventoryLoadingState.tsx","15","        <div className=""h-20 animate-pulse rounded-2xl bg-white/5"" />"
"D:\projects\admin-dashboard\app\(admin)\inventory\components\InventoryLoadingState.tsx","16","        <div className=""h-20 animate-pulse rounded-2xl bg-white/5"" />"
"D:\projects\admin-dashboard\app\(admin)\inventory\components\InventoryPills.tsx","7","    <span className=""inline-flex rounded-full border border-white/10 bg-white/10 px-3 py-1 text-xs capitalize text-slate-200 shadow-sm backdrop-blur-xl"">"
"D:\projects\admin-dashboard\app\(admin)\inventory\components\InventoryPills.tsx","15","    <span className=""inline-flex rounded-full border border-yellow-500/20 bg-yellow-500/10 px-3 py-1 text-xs text-yellow-200 shadow-sm backdrop-blur-xl"">"
"D:\projects\admin-dashboard\app\(admin)\inventory\components\InventoryStats.tsx","48","      className={`rounded-[1.5rem] border p-5 shadow-2xl shadow-black/20 backdrop-blur-xl ${"
"D:\projects\admin-dashboard\app\(admin)\inventory\components\InventoryStats.tsx","50","          ? ""border-yellow-500/20 bg-yellow-500/10"""
"D:\projects\admin-dashboard\app\(admin)\inventory\components\InventoryStats.tsx","51","          : ""border-white/10 bg-white/[0.07]"""
"D:\projects\admin-dashboard\app\(admin)\inventory\components\InventoryStats.tsx","55","        <div className=""rounded-2xl bg-white/10 p-3 shadow-inner shadow-white/5"">"
"D:\projects\admin-dashboard\app\(admin)\inventory\components\InventoryStats.tsx","57","            <AlertTriangle className=""h-5 w-5 text-yellow-300"" />"
"D:\projects\admin-dashboard\app\(admin)\inventory\components\InventoryStats.tsx","59","            <Boxes className=""h-5 w-5 text-slate-100"" />"
"D:\projects\admin-dashboard\app\(admin)\inventory\components\InventoryStats.tsx","64","          <p className=""text-sm text-slate-400"">{label}</p>"
"D:\projects\admin-dashboard\app\(admin)\inventory\components\InventoryStats.tsx","65","          <p className=""text-2xl font-bold text-white"">"
"D:\projects\admin-dashboard\app\(admin)\inventory\components\InventoryTable.tsx","30","    <div className=""overflow-x-auto rounded-2xl border border-white/10"">"
"D:\projects\admin-dashboard\app\(admin)\inventory\components\InventoryTable.tsx","32","        <thead className=""bg-white/5 text-slate-400 backdrop-blur-xl"">"
"D:\projects\admin-dashboard\app\(admin)\inventory\components\InventoryTableRow.tsx","49","    <tr className=""border-t border-white/10 align-top hover:bg-white/[0.04]"">"
"D:\projects\admin-dashboard\app\(admin)\inventory\components\InventoryTableRow.tsx","61","        <div className=""font-semibold text-white"">"
"D:\projects\admin-dashboard\app\(admin)\inventory\components\InventoryTableRow.tsx","65","        <div className=""text-xs text-slate-500"">"
"D:\projects\admin-dashboard\app\(admin)\inventory\components\InventoryTableRow.tsx","78","      <td className=""px-4 py-3 text-slate-300"">"
"D:\projects\admin-dashboard\app\(admin)\inventory\components\InventoryTableRow.tsx","81","        <div className=""text-xs text-slate-500"">"
"D:\projects\admin-dashboard\app\(admin)\inventory\components\InventoryTableRow.tsx","85","        <div className=""text-xs text-slate-500"">"
"D:\projects\admin-dashboard\app\(admin)\inventory\components\InventoryTableRow.tsx","90","      <td className=""px-4 py-3 text-slate-300"">"
"D:\projects\admin-dashboard\app\(admin)\inventory\components\InventoryTableRow.tsx","97","      <td className=""px-4 py-3 text-slate-300"">"
"D:\projects\admin-dashboard\app\(admin)\inventory\components\InventoryTableRow.tsx","103","              ? ""font-semibold text-yellow-300"""
"D:\projects\admin-dashboard\app\(admin)\inventory\components\InventoryTableRow.tsx","120","      <td className=""px-4 py-3 text-slate-300"">"
"D:\projects\admin-dashboard\app\(admin)\inventory\components\InventoryTableRow.tsx","123","        <div className=""text-xs text-slate-500"">"
"D:\projects\admin-dashboard\app\(admin)\inventory\components\InventoryTableRow.tsx","130","              ? ""text-red-300"""
"D:\projects\admin-dashboard\app\(admin)\inventory\components\InventoryTableRow.tsx","131","              : ""text-slate-500"""
"D:\projects\admin-dashboard\app\(admin)\inventory\components\InventoryTableRow.tsx","138","      <td className=""px-4 py-3 text-slate-300"">"
"D:\projects\admin-dashboard\app\(admin)\inventory\components\InventoryTableRow.tsx","147","              ? ""text-yellow-300"""
"D:\projects\admin-dashboard\app\(admin)\inventory\components\InventoryTableRow.tsx","148","              : ""text-slate-500"""
"D:\projects\admin-dashboard\app\(admin)\inventory\components\InventoryTableRow.tsx","154","        <div className=""text-xs text-slate-500"">"
"D:\projects\admin-dashboard\app\(admin)\inventory\components\InventoryTableRow.tsx","164","            className=""rounded-xl border border-white/10 bg-white/10 p-2 text-white shadow-lg shadow-black/20 backdrop-blur-xl transition hover:bg-white/15"""
"D:\projects\admin-dashboard\app\(admin)\inventory\components\InventoryTableRow.tsx","174","            className=""rounded-xl border border-yellow-500/20 bg-yellow-500/10 p-2 text-yellow-200 shadow-lg shadow-black/20 backdrop-blur-xl transition hover:bg-yellow-500/20"""
"D:\projects\admin-dashboard\app\(admin)\inventory\components\InventoryTableRow.tsx","184","            className=""rounded-xl border border-red-500/20 bg-red-500/10 p-2 text-red-300 shadow-lg shadow-black/20 backdrop-blur-xl transition hover:bg-red-500/20"""
"D:\projects\admin-dashboard\app\(admin)\inventory\components\InventoryTableRow.tsx","195","              className=""rounded-xl border border-red-700/30 bg-red-950/40 p-2 text-red-400 shadow-lg shadow-black/20 backdrop-blur-xl transition hover:bg-red-950/70"""
"D:\projects\admin-dashboard\app\(admin)\inventory\page.tsx","207","          <div className=""rounded-3xl border border-red-500/20 bg-red-500/10 px-6 py-5 text-sm text-red-300 shadow-[0_0_35px_rgba(239,68,68,0.18)]"">"
"D:\projects\admin-dashboard\app\(admin)\inventory\page.tsx","225","              <div className={""inline-flex items-center gap-2 rounded-full border border-white/10 bg-white/10 px-3 py-1 text-xs font-semibold uppercase tracking-[0.18em] text-slate-200 shadow-sm backdrop-blur-xl""}>"
"D:\projects\admin-dashboard\app\(admin)\inventory\page.tsx","237","                <p className=""mt-3 max-w-3xl text-sm leading-7 text-slate-300"">"
"D:\projects\admin-dashboard\app\(admin)\inventory\page.tsx","257","                <div className={""flex h-12 w-12 items-center justify-center rounded-2xl border border-white/10 bg-white/10 text-cyan-200 shadow-lg shadow-cyan-500/10 backdrop-blur-xl""}>"
"D:\projects\admin-dashboard\app\(admin)\inventory\page.tsx","263","                    <p className=""text-sm font-semibold text-white"">"
"D:\projects\admin-dashboard\app\(admin)\inventory\page.tsx","267","                    <span className={""inline-flex items-center gap-2 rounded-full border border-white/10 bg-white/10 px-3 py-1 text-xs font-semibold uppercase tracking-[0.18em] text-slate-200 shadow-sm backdrop-blur-xl""}>"
"D:\projects\admin-dashboard\app\(admin)\inventory\page.tsx","274","                  <p className=""mt-1 text-xs text-slate-500"">"
"D:\projects\admin-dashboard\app\(admin)\inventory\page.tsx","282","              <div className=""mt-4 flex items-center gap-2 rounded-2xl border border-white/10 bg-black/20 px-3 py-2 text-xs text-slate-400"">"
"D:\projects\admin-dashboard\app\(admin)\inventory\page.tsx","357","                  <p className=""mt-2 text-sm text-slate-400"">"
"D:\projects\admin-dashboard\app\(admin)\orders\components\ImportPanel.tsx","94","              className=""mt-2 w-full min-w-[230px] rounded-2xl border border-white/10 bg-black/45 px-4 py-3 text-sm text-white outline-none"""
"D:\projects\admin-dashboard\app\(admin)\orders\components\OrderModal.tsx","47","      className=""fixed inset-0 z-50 flex items-center justify-center bg-black/70 px-4 py-6 backdrop-blur-xl"""
"D:\projects\admin-dashboard\app\(admin)\orders\components\OrdersHeader.tsx","30","        <h1 className=""mt-3 text-3xl font-bold tracking-tight text-white"">"
"D:\projects\admin-dashboard\app\(admin)\orders\components\OrdersHeader.tsx","34","        <p className=""mt-1 max-w-3xl text-sm text-zinc-400"">"
"D:\projects\admin-dashboard\app\(admin)\orders\components\OrdersHeader.tsx","49","            className=""pointer-events-none absolute left-3 top-1/2 h-4 w-4 -translate-y-1/2 text-zinc-500"""
"D:\projects\admin-dashboard\app\(admin)\orders\components\OrdersSummaryGrid.tsx","25","      tone: ""text-blue-200"","
"D:\projects\admin-dashboard\app\(admin)\orders\components\OrdersSummaryGrid.tsx","49","      tone: ""text-zinc-300"","
"D:\projects\admin-dashboard\app\(admin)\orders\components\OrdersSummaryGrid.tsx","63","                <p className=""mt-2 text-3xl font-bold tracking-tight text-white"">"
"D:\projects\admin-dashboard\app\(admin)\orders\components\OrdersSummaryGrid.tsx","68","              <div className=""rounded-2xl border border-white/10 bg-white/[0.08] p-3 shadow-inner shadow-black/20"">"
"D:\projects\admin-dashboard\app\(admin)\orders\components\OrdersTable.tsx","45","          <thead className=""border-b border-white/10 bg-white/[0.04] text-zinc-400"">"
"D:\projects\admin-dashboard\app\(admin)\orders\components\OrdersTable.tsx","65","                <td colSpan={12} className=""px-4 py-12 text-center text-zinc-400"">"
"D:\projects\admin-dashboard\app\(admin)\orders\components\OrdersTable.tsx","74","                <td colSpan={12} className=""px-4 py-12 text-center text-zinc-400"">"
"D:\projects\admin-dashboard\app\(admin)\orders\components\OrdersTable.tsx","85","                    className=""border-b border-white/5 align-top transition last:border-0 hover:bg-white/[0.035]"""
"D:\projects\admin-dashboard\app\(admin)\orders\components\OrdersTable.tsx","89","                        <div className=""rounded-2xl border border-white/10 bg-white/[0.07] p-2 text-zinc-300 shadow-inner shadow-black/20"">"
"D:\projects\admin-dashboard\app\(admin)\orders\components\OrdersTable.tsx","94","                          <div className=""font-semibold text-white"">"
"D:\projects\admin-dashboard\app\(admin)\orders\components\OrdersTable.tsx","98","                          <div className=""mt-1 text-xs text-zinc-500"">"
"D:\projects\admin-dashboard\app\(admin)\orders\components\OrdersTable.tsx","103","                            <div className=""mt-1 text-xs text-zinc-500"">"
"D:\projects\admin-dashboard\app\(admin)\orders\components\OrdersTable.tsx","115","                    <td className=""px-4 py-4 text-zinc-300"">"
"D:\projects\admin-dashboard\app\(admin)\orders\components\OrdersTable.tsx","119","                    <td className=""max-w-xs px-4 py-4 text-zinc-300"">"
"D:\projects\admin-dashboard\app\(admin)\orders\components\OrdersTable.tsx","126","                          className=""mt-0.5 h-4 w-4 text-zinc-500"""
"D:\projects\admin-dashboard\app\(admin)\orders\components\OrdersTable.tsx","131","                          <div className=""text-zinc-200"">"
"D:\projects\admin-dashboard\app\(admin)\orders\components\OrdersTable.tsx","135","                          <div className=""mt-1 text-xs text-zinc-500"">"
"D:\projects\admin-dashboard\app\(admin)\orders\components\OrdersTable.tsx","140","                            <div className=""mt-1 text-xs text-zinc-500"">"
"D:\projects\admin-dashboard\app\(admin)\orders\components\OrdersTable.tsx","148","                    <td className=""px-4 py-4 text-zinc-300"">"
"D:\projects\admin-dashboard\app\(admin)\orders\components\OrdersTable.tsx","152","                    <td className=""px-4 py-4 text-zinc-300"">"
"D:\projects\admin-dashboard\app\(admin)\orders\components\OrdersTable.tsx","156","                    <td className=""px-4 py-4 text-zinc-300"">"
"D:\projects\admin-dashboard\app\(admin)\orders\components\OrdersTable.tsx","168","                    <td className=""px-4 py-4 text-zinc-400"">"
"D:\projects\admin-dashboard\app\(admin)\orders\components\OrdersTable.tsx","292","      className=""inline-flex items-center gap-1.5 rounded-xl border border-white/10 bg-white/[0.06] px-2.5 py-1.5 text-xs font-semibold text-zinc-200 shadow-inner shadow-black/20 transition hover:bg-white/[0.1] disabled:cursor-not-allowed disabled:opacity-50"""
"D:\projects\admin-dashboard\app\(admin)\orders\components\OrdersTabs.tsx","29","            className={`rounded-2xl border px-4 py-2 text-sm font-semibold shadow-inner shadow-black/20 backdrop-blur-xl transition ${"
"D:\projects\admin-dashboard\app\(admin)\orders\components\OrdersTabs.tsx","32","                : ""border-white/10 bg-white/[0.05] text-zinc-300 hover:bg-white/[0.09]"""
"D:\projects\admin-dashboard\app\(admin)\orders\components\SmartCommandStrip.tsx","34","          <h2 className=""inline-flex items-center gap-2 text-lg font-semibold text-white"">"
"D:\projects\admin-dashboard\app\(admin)\orders\components\SmartCommandStrip.tsx","39","          <p className=""mt-1 text-sm text-zinc-400"">"
"D:\projects\admin-dashboard\app\(admin)\orders\components\SmartCommandStrip.tsx","92","      className={`rounded-2xl border px-4 py-3 text-left shadow-inner shadow-black/20 backdrop-blur-xl transition ${"
"D:\projects\admin-dashboard\app\(admin)\orders\components\SmartCommandStrip.tsx","95","          : ""border-white/10 bg-white/[0.04] hover:bg-white/[0.08]"""
"D:\projects\admin-dashboard\app\(admin)\orders\components\SmartCommandStrip.tsx","99","      <div className=""mt-1 text-2xl font-bold text-white"">"
"D:\projects\admin-dashboard\app\(admin)\orders\components\SmartFiltersPanel.tsx","35","          <h2 className=""inline-flex items-center gap-2 text-lg font-semibold text-white"">"
"D:\projects\admin-dashboard\app\(admin)\orders\components\SmartFiltersPanel.tsx","36","            <Filter className=""h-5 w-5 text-zinc-300"" aria-hidden={true} />"
"D:\projects\admin-dashboard\app\(admin)\orders\components\SmartFiltersPanel.tsx","40","          <p className=""mt-1 text-sm text-zinc-400"">"
"D:\projects\admin-dashboard\app\(admin)\orders\components\SmartFiltersPanel.tsx","181","      className={`rounded-2xl border px-4 py-2 text-sm font-semibold shadow-inner shadow-black/20 backdrop-blur-xl transition ${"
"D:\projects\admin-dashboard\app\(admin)\orders\components\SmartFiltersPanel.tsx","184","          : ""border-white/10 bg-white/[0.05] text-zinc-300 hover:bg-white/[0.09]"""
"D:\projects\admin-dashboard\app\(admin)\orders\components\SmartReviewBadges.tsx","33","        <span className=""inline-flex rounded-full border border-white/10 bg-white/[0.06] px-2.5 py-1 text-xs font-semibold text-zinc-300"">"
"D:\projects\admin-dashboard\app\(admin)\orders\components\StatusBadge.tsx","7","    processing: ""border-blue-400/25 bg-blue-400/10 text-blue-100"","
"D:\projects\admin-dashboard\app\(admin)\orders\components\StatusBadge.tsx","11","    archived: ""border-zinc-400/20 bg-zinc-400/10 text-zinc-200"","
"D:\projects\admin-dashboard\app\(admin)\orders\lib\orderUi.ts","2","  ""rounded-3xl border border-white/10 bg-white/[0.055] shadow-xl shadow-black/20 backdrop-blur-2xl"";"
"D:\projects\admin-dashboard\app\(admin)\orders\lib\orderUi.ts","5","  ""rounded-2xl border border-white/10 bg-white/[0.055] p-4 shadow-lg shadow-black/15 backdrop-blur-2xl"";"
"D:\projects\admin-dashboard\app\(admin)\orders\lib\orderUi.ts","8","  ""inline-flex items-center justify-center gap-2 rounded-2xl border border-white/10 bg-white/[0.06] px-4 py-2 text-sm font-semibold text-slate-100 shadow-sm transition hover:bg-white/[0.10] focus:outline-none focus:ring-2 focus:ring-cyan-400/40 disabled:cursor-not-allowed disabled:opacity-50"";"
"D:\projects\admin-dashboard\app\(admin)\orders\lib\orderUi.ts","14","  ""w-full rounded-2xl border border-white/10 bg-white/[0.06] px-4 py-2.5 text-sm text-slate-100 outline-none placeholder:text-slate-500 transition focus:border-cyan-300/40 focus:ring-2 focus:ring-cyan-400/20"";"
"D:\projects\admin-dashboard\app\(admin)\orders\lib\orderUi.ts","17","  ""w-full rounded-2xl border border-white/10 bg-slate-950/60 px-4 py-2.5 text-sm text-slate-100 outline-none transition focus:border-cyan-300/40 focus:ring-2 focus:ring-cyan-400/20"";"
"D:\projects\admin-dashboard\app\(admin)\orders\lib\orderUi.ts","20","  ""text-xs font-semibold uppercase tracking-[0.22em] text-slate-500"";"
"D:\projects\admin-dashboard\app\(admin)\orders\lib\orderUi.ts","23","  ""text-xs font-medium text-slate-400"";"
"D:\projects\admin-dashboard\app\(admin)\orders\page.tsx","246","          <div className=""rounded-3xl border border-red-500/20 bg-red-500/10 px-6 py-5 text-sm text-red-300 shadow-[0_0_35px_rgba(239,68,68,0.18)]"">"
"D:\projects\admin-dashboard\app\(admin)\orders\page.tsx","266","              <div className=""inline-flex items-center gap-2 rounded-full border border-white/10 bg-white/10 px-3 py-1 text-xs font-semibold uppercase tracking-[0.18em] text-slate-200 shadow-sm backdrop-blur-xl"">"
"D:\projects\admin-dashboard\app\(admin)\orders\page.tsx","274","                <p className=""mt-3 max-w-3xl text-sm leading-7 text-slate-300"">"
"D:\projects\admin-dashboard\app\(admin)\orders\page.tsx","286","                <div className=""flex h-12 w-12 items-center justify-center rounded-2xl border border-white/10 bg-white/10 text-cyan-200 shadow-lg shadow-cyan-500/10 backdrop-blur-xl"">"
"D:\projects\admin-dashboard\app\(admin)\orders\page.tsx","292","                    <p className=""text-sm font-semibold text-white"">"
"D:\projects\admin-dashboard\app\(admin)\orders\page.tsx","296","                    <span className=""inline-flex items-center gap-2 rounded-full border border-white/10 bg-white/10 px-3 py-1 text-xs font-semibold uppercase tracking-[0.18em] text-slate-200 shadow-sm backdrop-blur-xl"">"
"D:\projects\admin-dashboard\app\(admin)\orders\page.tsx","302","                  <p className=""mt-1 text-xs text-slate-500"">"
"D:\projects\admin-dashboard\app\(admin)\orders\page.tsx","308","              <div className=""mt-4 flex items-center gap-2 rounded-2xl border border-white/10 bg-black/20 px-3 py-2 text-xs text-slate-400"">"
"D:\projects\admin-dashboard\app\(admin)\orders\page.tsx","408","              className=""inline-flex items-center justify-center gap-2 rounded-2xl bg-cyan-300 px-5 py-3 text-sm font-bold text-slate-950 shadow-lg shadow-cyan-500/20 transition hover:bg-cyan-200 disabled:cursor-not-allowed disabled:opacity-50"""
"D:\projects\admin-dashboard\app\(admin)\products\components\ProductBadges.tsx","20","    return <span className=""text-xs text-slate-500"">Clean</span>;"
"D:\projects\admin-dashboard\app\(admin)\products\components\ProductBadges.tsx","37","                : ""rounded-full border border-white/10 bg-white/[0.08] px-2 py-1 text-xs text-slate-300"""
"D:\projects\admin-dashboard\app\(admin)\products\components\ProductBadges.tsx","51","      <span className=""rounded-full border border-red-400/20 bg-red-400/10 px-3 py-1 text-xs font-semibold text-red-200"">"
"D:\projects\admin-dashboard\app\(admin)\products\components\ProductBadges.tsx","79","    inactive: ""border-slate-300/20 bg-slate-300/10 text-slate-200"","
"D:\projects\admin-dashboard\app\(admin)\products\components\ProductBadges.tsx","80","    discontinued: ""border-red-400/20 bg-red-400/10 text-red-200"","
"D:\projects\admin-dashboard\app\(admin)\products\components\ProductCatalog.tsx","40","      <div className=""min-w-0 rounded-2xl border border-white/10 bg-white/[0.05] p-4 text-slate-300 shadow-xl shadow-black/20 backdrop-blur-xl"">"
"D:\projects\admin-dashboard\app\(admin)\products\components\ProductCatalog.tsx","51","      <div className=""min-w-0 rounded-2xl border border-white/10 bg-white/[0.05] p-6 text-center text-sm text-slate-400 shadow-xl shadow-black/20 backdrop-blur-xl"">"
"D:\projects\admin-dashboard\app\(admin)\products\components\ProductCatalog.tsx","59","      <div className=""hidden min-w-0 rounded-3xl border border-white/10 bg-black/20 shadow-2xl shadow-black/30 xl:block"">"
"D:\projects\admin-dashboard\app\(admin)\products\components\ProductCatalog.tsx","62","            <thead className=""sticky top-0 z-20 bg-slate-950/95 text-slate-300 shadow-lg shadow-black/40 backdrop-blur-xl"">"
"D:\projects\admin-dashboard\app\(admin)\products\components\ProductCatalog.tsx","63","              <tr className=""border-b border-white/10"">"
"D:\projects\admin-dashboard\app\(admin)\products\components\ProductCatalog.tsx","77","                <th className=""sticky right-0 z-30 w-[130px] bg-slate-950/95 px-4 py-3 text-right font-semibold shadow-[-14px_0_20px_rgba(0,0,0,0.45)]"">"
"D:\projects\admin-dashboard\app\(admin)\products\components\ProductCatalog.tsx","118","          className=""inline-flex min-h-11 items-center justify-center gap-2 rounded-2xl border border-white/10 bg-white/[0.08] px-5 py-3 text-sm font-semibold text-white shadow-lg shadow-black/20 transition hover:bg-white/[0.14] focus:outline-none focus:ring-2 focus:ring-cyan-300/40 disabled:cursor-not-allowed disabled:opacity-50"""
"D:\projects\admin-dashboard\app\(admin)\products\components\ProductFilters.tsx","65","      <div className=""mb-4 rounded-3xl border border-white/10 bg-white/[0.05] p-4 shadow-xl shadow-black/20 backdrop-blur-2xl"">"
"D:\projects\admin-dashboard\app\(admin)\products\components\ProductFilters.tsx","66","        <div className=""mb-3 flex items-center gap-2 text-sm font-semibold text-slate-300"">"
"D:\projects\admin-dashboard\app\(admin)\products\components\ProductFilters.tsx","190","            className=""rounded-2xl border border-white/10 bg-white/[0.08] px-4 py-3 text-sm text-white transition hover:bg-white/[0.14]"""
"D:\projects\admin-dashboard\app\(admin)\products\components\ProductFilters.tsx","202","          className=""inline-flex items-center gap-2 rounded-2xl border border-white/10 bg-white/[0.08] px-4 py-2 text-sm text-white transition hover:bg-white/[0.14] disabled:cursor-not-allowed disabled:opacity-50"""
"D:\projects\admin-dashboard\app\(admin)\products\components\ProductFilters.tsx","215","          className=""inline-flex items-center gap-2 rounded-2xl border border-red-400/20 bg-red-400/10 px-4 py-2 text-sm text-red-200 transition hover:bg-red-400/20 disabled:cursor-not-allowed disabled:opacity-50"""
"D:\projects\admin-dashboard\app\(admin)\products\components\ProductFilters.tsx","226","        <span className=""rounded-2xl border border-white/10 bg-black/30 px-4 py-2 text-sm text-slate-400"">"
"D:\projects\admin-dashboard\app\(admin)\products\components\ProductFilters.tsx","231","        <span className=""rounded-2xl border border-white/10 bg-black/30 px-4 py-2 text-sm text-slate-400"">"
"D:\projects\admin-dashboard\app\(admin)\products\components\ProductForm.tsx","67","      className=""rounded-[32px] border border-white/10 bg-white/[0.07] p-6 shadow-[0_20px_80px_rgba(0,0,0,0.42)] backdrop-blur-3xl 2xl:sticky 2xl:top-6 2xl:max-h-[calc(100vh-3rem)] 2xl:overflow-y-auto"""
"D:\projects\admin-dashboard\app\(admin)\products\components\ProductForm.tsx","70","        <div className=""rounded-2xl border border-white/10 bg-white/[0.08] p-3 shadow-inner shadow-white/5"">"
"D:\projects\admin-dashboard\app\(admin)\products\components\ProductForm.tsx","79","          <h2 className=""text-xl font-bold text-white"">"
"D:\projects\admin-dashboard\app\(admin)\products\components\ProductForm.tsx","83","          <p className=""text-sm text-slate-400"">"
"D:\projects\admin-dashboard\app\(admin)\products\components\ProductForm.tsx","207","            className=""mb-2 block text-sm text-slate-200/80"""
"D:\projects\admin-dashboard\app\(admin)\products\components\ProductForm.tsx","219","              className=""w-full rounded-2xl border border-white/10 bg-white/[0.06] px-4 py-3 text-white shadow-inner shadow-black/20 outline-none backdrop-blur-xl transition placeholder:text-slate-500 focus:border-sky-300/50 focus:bg-white/[0.09]"""
"D:\projects\admin-dashboard\app\(admin)\products\components\ProductForm.tsx","226","              className=""rounded-2xl border border-white/10 bg-white/[0.08] px-4 text-white transition hover:bg-white/[0.14]"""
"D:\projects\admin-dashboard\app\(admin)\products\components\ProductForm.tsx","258","          className=""inline-flex w-full items-center justify-between rounded-2xl border border-white/10 bg-white/[0.08] px-4 py-3 text-sm font-semibold text-white transition hover:bg-white/[0.14]"""
"D:\projects\admin-dashboard\app\(admin)\products\components\ProductForm.tsx","270","          <div className=""space-y-4 rounded-3xl border border-white/10 bg-black/20 p-4 backdrop-blur-xl"">"
"D:\projects\admin-dashboard\app\(admin)\products\components\ProductForm.tsx","461","            className=""mb-2 block text-sm text-slate-200/80"""
"D:\projects\admin-dashboard\app\(admin)\products\components\ProductForm.tsx","473","            className=""w-full rounded-2xl border border-white/10 bg-white/[0.06] px-4 py-3 text-white shadow-inner shadow-black/20 outline-none backdrop-blur-xl transition placeholder:text-slate-500 focus:border-sky-300/50 focus:bg-white/[0.09]"""
"D:\projects\admin-dashboard\app\(admin)\products\components\ProductForm.tsx","482","            className=""inline-flex flex-1 items-center justify-center gap-2 rounded-2xl bg-white px-4 py-3 text-sm font-semibold text-slate-950 transition hover:bg-sky-100 disabled:cursor-not-allowed disabled:opacity-50"""
"D:\projects\admin-dashboard\app\(admin)\products\components\ProductForm.tsx","496","            className=""rounded-2xl border border-white/10 bg-white/[0.08] px-4 py-3 text-sm text-white transition hover:bg-white/[0.14]"""
"D:\projects\admin-dashboard\app\(admin)\products\components\ProductHero.tsx","23","    <section className=""min-w-0 overflow-hidden rounded-[32px] border border-white/10 bg-white/[0.07] p-5 shadow-[0_20px_80px_rgba(0,0,0,0.45)] backdrop-blur-3xl sm:p-6"">"
"D:\projects\admin-dashboard\app\(admin)\products\components\ProductHero.tsx","26","          <div className=""shrink-0 rounded-3xl border border-white/10 bg-white/[0.08] p-4 shadow-inner shadow-white/5"">"
"D:\projects\admin-dashboard\app\(admin)\products\components\ProductHero.tsx","31","            <h1 className=""truncate text-3xl font-bold tracking-tight text-white"">"
"D:\projects\admin-dashboard\app\(admin)\products\components\ProductHero.tsx","35","            <p className=""mt-1 max-w-4xl text-pretty text-sm leading-6 text-slate-400"">"
"D:\projects\admin-dashboard\app\(admin)\products\components\ProductHero.tsx","49","            className=""inline-flex min-h-11 items-center justify-center gap-2 rounded-2xl border border-white/10 bg-white/[0.08] px-5 py-3 text-sm font-semibold text-white shadow-lg shadow-black/20 transition hover:bg-white/[0.14] focus:outline-none focus:ring-2 focus:ring-cyan-300/40 disabled:cursor-not-allowed disabled:opacity-50"""
"D:\projects\admin-dashboard\app\(admin)\products\components\ProductHero.tsx","65","            className=""inline-flex min-h-11 items-center justify-center gap-2 rounded-2xl border border-red-400/20 bg-red-400/10 px-5 py-3 text-sm font-semibold text-red-200 shadow-lg shadow-black/20 transition hover:bg-red-400/20 focus:outline-none focus:ring-2 focus:ring-red-300/30 disabled:cursor-not-allowed disabled:opacity-50"""
"D:\projects\admin-dashboard\app\(admin)\products\components\ProductInputs.tsx","32","        className=""mb-2 block text-sm font-medium text-slate-200/80"""
"D:\projects\admin-dashboard\app\(admin)\products\components\ProductInputs.tsx","49","        className=""min-h-11 w-full min-w-0 rounded-2xl border border-white/10 bg-white/[0.06] px-4 py-3 text-sm text-white shadow-inner shadow-black/20 outline-none backdrop-blur-xl transition placeholder:text-slate-500 focus:border-sky-300/50 focus:bg-white/[0.09] focus:ring-2 focus:ring-sky-300/20"""
"D:\projects\admin-dashboard\app\(admin)\products\components\ProductInputs.tsx","74","        className=""mb-2 block text-sm font-medium text-slate-200/80"""
"D:\projects\admin-dashboard\app\(admin)\products\components\ProductInputs.tsx","86","        className=""min-h-11 w-full min-w-0 rounded-2xl border border-white/10 bg-slate-950/70 px-4 py-3 text-sm text-white shadow-inner shadow-black/20 outline-none backdrop-blur-xl transition focus:border-sky-300/50 focus:bg-slate-950/80 focus:ring-2 focus:ring-sky-300/20"""
"D:\projects\admin-dashboard\app\(admin)\products\components\ProductInputs.tsx","89","          <option key={optionValue} value={optionValue} className=""bg-slate-950"">"
"D:\projects\admin-dashboard\app\(admin)\products\components\ProductInputs.tsx","117","        className=""mb-2 block text-xs font-medium text-slate-400"""
"D:\projects\admin-dashboard\app\(admin)\products\components\ProductInputs.tsx","129","        className=""min-h-11 w-full min-w-0 rounded-2xl border border-white/10 bg-slate-950/70 px-3 py-3 text-sm text-white shadow-inner shadow-black/20 outline-none backdrop-blur-xl transition focus:border-sky-300/50 focus:bg-slate-950/80 focus:ring-2 focus:ring-sky-300/20"""
"D:\projects\admin-dashboard\app\(admin)\products\components\ProductInputs.tsx","132","          <option key={optionValue} value={optionValue} className=""bg-slate-950"">"
"D:\projects\admin-dashboard\app\(admin)\products\components\ProductInputs.tsx","157","      className=""flex min-w-0 cursor-pointer items-center gap-3 rounded-2xl border border-white/10 bg-white/[0.05] px-4 py-3 text-sm text-slate-200 backdrop-blur-xl transition hover:bg-white/[0.08]"""
"D:\projects\admin-dashboard\app\(admin)\products\components\ProductMobileCard.tsx","36","    <article className=""min-w-0 overflow-hidden rounded-3xl border border-white/10 bg-white/[0.06] p-4 shadow-2xl shadow-black/30 backdrop-blur-2xl"">"
"D:\projects\admin-dashboard\app\(admin)\products\components\ProductMobileCard.tsx","51","          <div className=""min-w-0 break-words text-sm font-semibold leading-5 text-white"">"
"D:\projects\admin-dashboard\app\(admin)\products\components\ProductMobileCard.tsx","55","          <div className=""mt-1 min-w-0 break-words text-xs leading-5 text-slate-500"">"
"D:\projects\admin-dashboard\app\(admin)\products\components\ProductMobileCard.tsx","59","          <div className=""mt-3 grid min-w-0 gap-2 text-xs text-slate-300"">"
"D:\projects\admin-dashboard\app\(admin)\products\components\ProductMobileCard.tsx","78","              className=""inline-flex min-h-10 min-w-0 items-center justify-center gap-2 rounded-xl border border-white/10 bg-white/[0.08] px-3 py-2 text-sm font-medium text-slate-100 transition hover:bg-white/[0.14] focus:outline-none focus:ring-2 focus:ring-sky-300/30"""
"D:\projects\admin-dashboard\app\(admin)\products\components\ProductMobileCard.tsx","88","              className=""inline-flex min-h-10 min-w-0 items-center justify-center gap-2 rounded-xl border border-red-400/20 bg-red-400/10 px-3 py-2 text-sm font-medium text-red-200 transition hover:bg-red-400/20 focus:outline-none focus:ring-2 focus:ring-red-300/30"""
"D:\projects\admin-dashboard\app\(admin)\products\components\ProductMobileCard.tsx","114","      <span className=""shrink-0 text-slate-500"">{label}</span>"
"D:\projects\admin-dashboard\app\(admin)\products\components\ProductMobileCard.tsx","115","      <span className=""min-w-0 break-words text-right text-slate-300"">"
"D:\projects\admin-dashboard\app\(admin)\products\components\ProductStatsGrid.tsx","78","    <div className=""min-w-0 overflow-hidden rounded-3xl border border-white/10 bg-white/[0.07] p-5 shadow-2xl shadow-black/25 backdrop-blur-2xl"">"
"D:\projects\admin-dashboard\app\(admin)\products\components\ProductStatsGrid.tsx","80","        <div className=""shrink-0 rounded-2xl border border-white/10 bg-white/[0.08] p-3 shadow-inner shadow-white/5"">"
"D:\projects\admin-dashboard\app\(admin)\products\components\ProductStatsGrid.tsx","85","          <p className=""truncate text-sm text-slate-400"">{label}</p>"
"D:\projects\admin-dashboard\app\(admin)\products\components\ProductStatsGrid.tsx","86","          <p className=""truncate text-2xl font-bold text-white"">"
"D:\projects\admin-dashboard\app\(admin)\products\components\ProductTableRow.tsx","36","    <tr className=""align-top transition hover:bg-white/[0.04]"">"
"D:\projects\admin-dashboard\app\(admin)\products\components\ProductTableRow.tsx","54","            <div className=""line-clamp-2 break-words font-semibold leading-5 text-white"">"
"D:\projects\admin-dashboard\app\(admin)\products\components\ProductTableRow.tsx","58","            <div className=""mt-1 line-clamp-2 break-words text-xs leading-5 text-slate-500"">"
"D:\projects\admin-dashboard\app\(admin)\products\components\ProductTableRow.tsx","85","      <td className=""sticky right-0 z-10 w-[130px] bg-slate-950/95 px-4 py-3 shadow-[-12px_0_18px_rgba(0,0,0,0.45)] backdrop-blur-xl"">"
"D:\projects\admin-dashboard\app\(admin)\products\components\ProductTableRow.tsx","90","            className=""inline-flex h-9 w-9 items-center justify-center rounded-xl border border-white/10 bg-white/[0.08] text-slate-200 transition hover:bg-white/[0.14] focus:outline-none focus:ring-2 focus:ring-sky-300/30"""
"D:\projects\admin-dashboard\app\(admin)\products\components\ProductTableRow.tsx","100","            className=""inline-flex h-9 w-9 items-center justify-center rounded-xl border border-red-400/20 bg-red-400/10 text-red-200 transition hover:bg-red-400/20 focus:outline-none focus:ring-2 focus:ring-red-300/30"""
"D:\projects\admin-dashboard\app\(admin)\products\components\ProductTableRow.tsx","123","    <td className=""px-4 py-3 text-slate-300"">"
"D:\projects\admin-dashboard\app\(admin)\products\components\ProductThumb.tsx","16","      <div className=""flex h-12 w-12 shrink-0 items-center justify-center rounded-2xl border border-white/10 bg-white/[0.06] text-slate-500 shadow-inner shadow-black/20"">"
"D:\projects\admin-dashboard\app\(admin)\products\components\ProductThumb.tsx","31","      className=""h-12 w-12 shrink-0 rounded-2xl border border-white/10 object-cover shadow-lg shadow-black/30"""
"D:\projects\admin-dashboard\app\(admin)\products\page.tsx","335","          <div className=""rounded-3xl border border-red-500/20 bg-red-500/10 px-6 py-5 text-sm text-red-300 shadow-[0_0_35px_rgba(239,68,68,0.18)]"">"
"D:\projects\admin-dashboard\app\(admin)\products\page.tsx","365","              <div className=""inline-flex items-center gap-2 rounded-full border border-white/10 bg-white/10 px-3 py-1 text-xs font-semibold uppercase tracking-[0.18em] text-slate-200 shadow-sm backdrop-blur-xl"">"
"D:\projects\admin-dashboard\app\(admin)\products\page.tsx","376","                <p className=""mt-3 max-w-3xl text-sm leading-7 text-slate-300"">"
"D:\projects\admin-dashboard\app\(admin)\products\page.tsx","388","                <div className=""flex h-12 w-12 items-center justify-center rounded-2xl border border-white/10 bg-white/10 text-cyan-200 shadow-lg shadow-cyan-500/10 backdrop-blur-xl"">"
"D:\projects\admin-dashboard\app\(admin)\products\page.tsx","394","                    <p className=""text-sm font-semibold text-white"">"
"D:\projects\admin-dashboard\app\(admin)\products\page.tsx","398","                    <span className=""inline-flex items-center gap-2 rounded-full border border-white/10 bg-white/10 px-3 py-1 text-xs font-semibold uppercase tracking-[0.18em] text-slate-200 shadow-sm backdrop-blur-xl"">"
"D:\projects\admin-dashboard\app\(admin)\products\page.tsx","405","                  <p className=""mt-1 text-xs text-slate-500"">"
"D:\projects\admin-dashboard\app\(admin)\products\page.tsx","411","              <div className=""mt-4 flex items-center gap-2 rounded-2xl border border-white/10 bg-black/20 px-3 py-2 text-xs text-slate-400"">"
"D:\projects\admin-dashboard\app\(admin)\products\page.tsx","527","                  <p className=""mt-2 text-sm text-slate-400"">"
"D:\projects\admin-dashboard\app\(admin)\products\page.tsx","536","                  <Search className=""pointer-events-none absolute left-3 top-3.5 h-4 w-4 text-slate-500"" />"
"D:\projects\admin-dashboard\app\(admin)\products\page.tsx","557","                    className=""w-full rounded-2xl border border-white/10 bg-black/20 py-3 pl-10 pr-10 text-sm text-slate-100 outline-none backdrop-blur-xl focus:border-cyan-300/40 focus:ring-2 focus:ring-cyan-300/20 xl:w-[420px]"""
"D:\projects\admin-dashboard\app\(admin)\products\page.tsx","576","                      className=""absolute right-3 top-3.5 text-slate-500 transition hover:text-white"""
"D:\projects\admin-dashboard\app\(admin)\rentals\components\fields\SelectField.tsx","31","      <span className=""block truncate text-xs font-medium uppercase tracking-[0.16em] text-slate-400"">"
"D:\projects\admin-dashboard\app\(admin)\rentals\components\fields\SelectField.tsx","33","        {required ? <span className=""text-red-300""> *</span> : null}"
"D:\projects\admin-dashboard\app\(admin)\rentals\components\fields\SelectField.tsx","43","        className=""mt-2 h-11 w-full min-w-0 rounded-2xl border border-white/10 bg-black/30 px-4 text-sm text-white outline-none transition focus:border-cyan-300/60 focus:bg-black/40 focus:ring-4 focus:ring-cyan-400/10"""
"D:\projects\admin-dashboard\app\(admin)\rentals\components\fields\SelectField.tsx","49","            className=""bg-slate-950"""
"D:\projects\admin-dashboard\app\(admin)\rentals\components\fields\Textarea.tsx","28","      <span className=""block truncate text-xs font-medium uppercase tracking-[0.16em] text-slate-400"">"
"D:\projects\admin-dashboard\app\(admin)\rentals\components\fields\Textarea.tsx","30","        {required ? <span className=""text-red-300""> *</span> : null}"
"D:\projects\admin-dashboard\app\(admin)\rentals\components\fields\Textarea.tsx","42","        className=""mt-2 w-full min-w-0 resize-y rounded-2xl border border-white/10 bg-black/30 px-4 py-3 text-sm text-white outline-none transition placeholder:text-slate-600 focus:border-cyan-300/60 focus:bg-black/40 focus:ring-4 focus:ring-cyan-400/10"""
"D:\projects\admin-dashboard\app\(admin)\rentals\components\fields\TextInput.tsx","30","      <span className=""block truncate text-xs font-medium uppercase tracking-[0.16em] text-slate-400"">"
"D:\projects\admin-dashboard\app\(admin)\rentals\components\fields\TextInput.tsx","32","        {required ? <span className=""text-red-300""> *</span> : null}"
"D:\projects\admin-dashboard\app\(admin)\rentals\components\fields\TextInput.tsx","47","        className=""mt-2 h-11 w-full min-w-0 rounded-2xl border border-white/10 bg-black/30 px-4 text-sm text-white outline-none transition placeholder:text-slate-600 focus:border-cyan-300/60 focus:bg-black/40 focus:ring-4 focus:ring-cyan-400/10"""
"D:\projects\admin-dashboard\app\(admin)\rentals\components\shared\EmptyState.tsx","18","    <div className=""flex min-h-[280px] min-w-0 flex-col items-center justify-center overflow-hidden rounded-3xl border border-dashed border-white/10 bg-black/20 px-6 py-12 text-center backdrop-blur-xl"">"
"D:\projects\admin-dashboard\app\(admin)\rentals\components\shared\EmptyState.tsx","19","      <div className=""flex h-14 w-14 shrink-0 items-center justify-center rounded-2xl border border-white/10 bg-white/[0.06] shadow-inner shadow-white/5"">"
"D:\projects\admin-dashboard\app\(admin)\rentals\components\shared\EmptyState.tsx","26","      <h3 className=""mt-4 max-w-full break-words text-base font-semibold text-white"">"
"D:\projects\admin-dashboard\app\(admin)\rentals\components\shared\EmptyState.tsx","30","      <p className=""mt-2 max-w-md break-words text-sm leading-6 text-slate-400"">"
"D:\projects\admin-dashboard\app\(admin)\rentals\components\shared\GlassCard.tsx","17","        ""min-w-0 overflow-hidden rounded-3xl border border-white/10 bg-white/[0.055] p-5 shadow-2xl shadow-black/30 backdrop-blur-2xl"","
"D:\projects\admin-dashboard\app\(admin)\rentals\components\shared\GlassCard.tsx","18","        ""supports-[backdrop-filter]:bg-white/[0.045]"","
"D:\projects\admin-dashboard\app\(admin)\rentals\components\shared\SectionHeader.tsx","25","        <h2 className=""mt-1 break-words text-xl font-semibold tracking-tight text-white"">"
"D:\projects\admin-dashboard\app\(admin)\rentals\components\shared\SectionHeader.tsx","30","          <p className=""mt-2 max-w-3xl break-words text-sm leading-6 text-slate-400"">"
"D:\projects\admin-dashboard\app\(admin)\rentals\components\RentalActions.tsx","57","        className=""inline-flex h-9 items-center justify-center gap-2 rounded-xl border border-white/10 bg-white/[0.05] px-3 text-xs font-semibold text-slate-200 transition hover:bg-white/[0.09] focus:outline-none focus:ring-2 focus:ring-cyan-300/30 disabled:cursor-not-allowed disabled:opacity-50"""
"D:\projects\admin-dashboard\app\(admin)\rentals\components\RentalActions.tsx","96","        className=""inline-flex h-9 items-center justify-center gap-2 rounded-xl border border-red-300/20 bg-red-500/10 px-3 text-xs font-semibold text-red-100 transition hover:bg-red-500/15 focus:outline-none focus:ring-2 focus:ring-red-300/30 disabled:cursor-not-allowed disabled:opacity-50"""
"D:\projects\admin-dashboard\app\(admin)\rentals\components\RentalForm.tsx","70","          <span className=""text-xs font-medium uppercase tracking-[0.16em] text-slate-400"">"
"D:\projects\admin-dashboard\app\(admin)\rentals\components\RentalForm.tsx","79","            className=""mt-2 h-11 w-full rounded-2xl border border-white/10 bg-black/30 px-4 text-sm text-white outline-none transition focus:border-cyan-300/60 focus:bg-black/40 focus:ring-4 focus:ring-cyan-400/10"""
"D:\projects\admin-dashboard\app\(admin)\rentals\components\RentalForm.tsx","81","            <option value="""" className=""bg-slate-950"">"
"D:\projects\admin-dashboard\app\(admin)\rentals\components\RentalForm.tsx","89","                className=""bg-slate-950"""
"D:\projects\admin-dashboard\app\(admin)\rentals\components\RentalForm.tsx","214","            className=""inline-flex h-11 items-center justify-center gap-2 rounded-2xl border border-white/10 bg-white/[0.04] px-5 text-sm font-semibold text-slate-200 transition hover:bg-white/[0.08]"""
"D:\projects\admin-dashboard\app\(admin)\rentals\components\RentalForm.tsx","225","          className=""inline-flex h-11 items-center justify-center gap-2 rounded-2xl bg-cyan-300 px-5 text-sm font-bold text-slate-950 shadow-lg shadow-cyan-950/30 transition hover:bg-cyan-200 disabled:cursor-not-allowed disabled:opacity-60"""
"D:\projects\admin-dashboard\app\(admin)\rentals\components\RentalMobileCard.tsx","24","    <article className=""min-w-0 overflow-hidden rounded-3xl border border-white/10 bg-black/25 p-4 shadow-xl shadow-black/20 backdrop-blur-xl"">"
"D:\projects\admin-dashboard\app\(admin)\rentals\components\RentalMobileCard.tsx","27","          <h3 className=""break-words font-semibold leading-5 text-white"">"
"D:\projects\admin-dashboard\app\(admin)\rentals\components\RentalMobileCard.tsx","31","          <p className=""mt-1 break-words text-xs leading-5 text-slate-500"">"
"D:\projects\admin-dashboard\app\(admin)\rentals\components\RentalMobileCard.tsx","76","        <p className=""mt-4 min-w-0 break-words rounded-2xl border border-white/10 bg-white/[0.04] p-3 text-sm leading-6 text-slate-300"">"
"D:\projects\admin-dashboard\app\(admin)\rentals\components\RentalMobileCard.tsx","106","      <p className=""truncate text-xs uppercase tracking-[0.16em] text-slate-500"">"
"D:\projects\admin-dashboard\app\(admin)\rentals\components\RentalMobileCard.tsx","113","          strong ? ""font-semibold text-white"" : ""text-slate-200"","
"D:\projects\admin-dashboard\app\(admin)\rentals\components\RentalMobileCard.tsx","120","        <p className=""min-w-0 break-words text-xs text-slate-500"">"
"D:\projects\admin-dashboard\app\(admin)\rentals\components\RentalRecords.tsx","53","            className=""pointer-events-none absolute left-4 top-1/2 h-4 w-4 -translate-y-1/2 text-slate-500"""
"D:\projects\admin-dashboard\app\(admin)\rentals\components\RentalRecords.tsx","69","            className=""h-11 w-full min-w-0 rounded-2xl border border-white/10 bg-black/30 pl-11 pr-4 text-sm text-white outline-none transition placeholder:text-slate-600 focus:border-cyan-300/60 focus:bg-black/40 focus:ring-4 focus:ring-cyan-400/10"""
"D:\projects\admin-dashboard\app\(admin)\rentals\components\RentalRecords.tsx","87","            className=""h-11 w-full min-w-0 rounded-2xl border border-white/10 bg-black/30 px-4 text-sm text-white outline-none transition focus:border-cyan-300/60 focus:bg-black/40 focus:ring-4 focus:ring-cyan-400/10"""
"D:\projects\admin-dashboard\app\(admin)\rentals\components\RentalRecords.tsx","89","            <option value=""all"" className=""bg-slate-950"">"
"D:\projects\admin-dashboard\app\(admin)\rentals\components\RentalRecords.tsx","97","                className=""bg-slate-950"""
"D:\projects\admin-dashboard\app\(admin)\rentals\components\RentalRecords.tsx","110","          className=""h-11 rounded-2xl border border-white/10 bg-white/[0.04] px-4 text-sm font-semibold text-slate-200 transition hover:bg-white/[0.08] focus:outline-none focus:ring-2 focus:ring-cyan-300/30 disabled:cursor-not-allowed disabled:opacity-40"""
"D:\projects\admin-dashboard\app\(admin)\rentals\components\RentalRecords.tsx","118","          <div className=""flex min-h-[220px] items-center justify-center rounded-3xl border border-white/10 bg-black/20 backdrop-blur-xl"">"
"D:\projects\admin-dashboard\app\(admin)\rentals\components\RentalRecords.tsx","119","            <div className=""flex min-w-0 items-center gap-3 text-sm text-slate-300"">"
"D:\projects\admin-dashboard\app\(admin)\rentals\components\RentalRecords.tsx","140","                  className=""rounded-2xl bg-cyan-300 px-4 py-2 text-sm font-bold text-slate-950 transition hover:bg-cyan-200 focus:outline-none focus:ring-2 focus:ring-cyan-300/40"""
"D:\projects\admin-dashboard\app\(admin)\rentals\components\RentalRecords.tsx","149","            <div className=""hidden min-w-0 overflow-hidden rounded-3xl border border-white/10 lg:block"">"
"D:\projects\admin-dashboard\app\(admin)\rentals\components\RentalRecords.tsx","152","                  <thead className=""bg-white/[0.045] text-xs uppercase tracking-[0.16em] text-slate-500"">"
"D:\projects\admin-dashboard\app\(admin)\rentals\components\RentalsHeader.tsx","15","          <h1 className=""mt-4 break-words text-3xl font-bold tracking-tight text-white md:text-4xl"">"
"D:\projects\admin-dashboard\app\(admin)\rentals\components\RentalsHeader.tsx","19","          <p className=""mt-3 max-w-3xl break-words text-sm leading-6 text-slate-400"">"
"D:\projects\admin-dashboard\app\(admin)\rentals\components\RentalsHeader.tsx","27","        <div className=""flex min-w-0 shrink-0 items-center gap-4 rounded-3xl border border-white/10 bg-black/25 p-4 backdrop-blur-xl lg:min-w-64"">"
"D:\projects\admin-dashboard\app\(admin)\rentals\components\RentalsHeader.tsx","33","            <p className=""truncate text-xs uppercase tracking-[0.18em] text-slate-500"">"
"D:\projects\admin-dashboard\app\(admin)\rentals\components\RentalsHeader.tsx","37","            <p className=""mt-1 break-words text-sm font-semibold text-white"">"
"D:\projects\admin-dashboard\app\(admin)\rentals\components\RentalTableRow.tsx","24","    <tr className=""transition hover:bg-white/[0.035]"">"
"D:\projects\admin-dashboard\app\(admin)\rentals\components\RentalTableRow.tsx","27","          <p className=""line-clamp-2 break-words font-semibold leading-5 text-white"">"
"D:\projects\admin-dashboard\app\(admin)\rentals\components\RentalTableRow.tsx","31","          <p className=""mt-1 break-words text-xs leading-5 text-slate-500"">"
"D:\projects\admin-dashboard\app\(admin)\rentals\components\RentalTableRow.tsx","39","          <p className=""line-clamp-2 break-words text-sm leading-5 text-slate-200"">"
"D:\projects\admin-dashboard\app\(admin)\rentals\components\RentalTableRow.tsx","43","          <p className=""mt-1 break-words text-xs leading-5 text-slate-500"">"
"D:\projects\admin-dashboard\app\(admin)\rentals\components\RentalTableRow.tsx","57","      <td className=""w-[180px] px-4 py-4 align-top text-sm text-slate-300"">"
"D:\projects\admin-dashboard\app\(admin)\rentals\components\RentalTableRow.tsx","63","      <td className=""w-[210px] px-4 py-4 align-top text-sm text-slate-300"">"
"D:\projects\admin-dashboard\app\(admin)\rentals\components\RentalTableRow.tsx","71","      <td className=""w-[120px] px-4 py-4 align-top text-sm font-semibold text-white"">"
"D:\projects\admin-dashboard\app\(admin)\rentals\components\RentalTableRow.tsx","97","    <td className={`${width} px-4 py-4 align-top text-sm text-slate-300`}>"
"D:\projects\admin-dashboard\app\(admin)\rentals\components\StatCard.tsx","27","          <p className=""truncate text-xs font-medium uppercase tracking-[0.16em] text-slate-500"">"
"D:\projects\admin-dashboard\app\(admin)\rentals\components\StatCard.tsx","31","          <p className=""mt-2 break-words text-2xl font-bold tracking-tight text-white"">"
"D:\projects\admin-dashboard\app\(admin)\rentals\components\StatCard.tsx","35","          <p className=""mt-1 break-words text-xs leading-5 text-slate-400"">"
"D:\projects\admin-dashboard\app\(admin)\rentals\components\StatCard.tsx","40","        <div className=""flex h-11 w-11 shrink-0 items-center justify-center rounded-2xl border border-white/10 bg-white/[0.06] text-cyan-200 shadow-inner shadow-white/5"">"
"D:\projects\admin-dashboard\app\(admin)\rentals\page.tsx","99","              <div className=""inline-flex items-center gap-2 rounded-full border border-white/10 bg-white/10 px-3 py-1 text-xs font-semibold uppercase tracking-[0.18em] text-slate-200 shadow-sm backdrop-blur-xl"">"
"D:\projects\admin-dashboard\app\(admin)\rentals\page.tsx","110","                <p className=""mt-3 max-w-3xl text-sm leading-7 text-slate-300"">"
"D:\projects\admin-dashboard\app\(admin)\rentals\page.tsx","122","                <div className=""flex h-12 w-12 items-center justify-center rounded-2xl border border-white/10 bg-white/10 text-cyan-200 shadow-lg shadow-cyan-500/10 backdrop-blur-xl"">"
"D:\projects\admin-dashboard\app\(admin)\rentals\page.tsx","128","                    <p className=""text-sm font-semibold text-white"">"
"D:\projects\admin-dashboard\app\(admin)\rentals\page.tsx","132","                    <span className=""inline-flex items-center gap-2 rounded-full border border-white/10 bg-white/10 px-3 py-1 text-xs font-semibold uppercase tracking-[0.18em] text-slate-200 shadow-sm backdrop-blur-xl"">"
"D:\projects\admin-dashboard\app\(admin)\rentals\page.tsx","139","                  <p className=""mt-1 text-xs text-slate-500"">"
"D:\projects\admin-dashboard\app\(admin)\rentals\page.tsx","155","          <section className=""rounded-3xl border border-red-400/25 bg-red-500/10 p-5 text-red-100 shadow-[0_0_35px_rgba(248,113,113,0.18)] backdrop-blur-2xl"">"
"D:\projects\admin-dashboard\app\(admin)\rentals\page.tsx","157","              <AlertTriangle className=""mt-0.5 h-5 w-5 shrink-0 text-red-300"" />"
"D:\projects\admin-dashboard\app\(admin)\reports\analytics\components\AnalyticsBreakdownTable.tsx","22","    <div className=""min-w-0 overflow-hidden rounded-[2rem] border border-white/10 bg-white/[0.055] p-6 shadow-xl shadow-black/20 backdrop-blur-2xl"">"
"D:\projects\admin-dashboard\app\(admin)\reports\analytics\components\AnalyticsBreakdownTable.tsx","25","          <h2 className=""break-words text-xl font-bold text-white"">"
"D:\projects\admin-dashboard\app\(admin)\reports\analytics\components\AnalyticsBreakdownTable.tsx","29","          <p className=""mt-1 break-words text-sm text-slate-400"">"
"D:\projects\admin-dashboard\app\(admin)\reports\analytics\components\AnalyticsBreakdownTable.tsx","35","          className=""h-5 w-5 shrink-0 text-slate-500"""
"D:\projects\admin-dashboard\app\(admin)\reports\analytics\components\AnalyticsBreakdownTable.tsx","47","        <div className=""min-w-0 rounded-2xl border border-white/10 bg-black/30 p-6 text-center text-sm text-slate-400"">"
"D:\projects\admin-dashboard\app\(admin)\reports\analytics\components\AnalyticsBreakdownTable.tsx","51","        <div className=""min-w-0 overflow-hidden rounded-2xl border border-white/10"">"
"D:\projects\admin-dashboard\app\(admin)\reports\analytics\components\AnalyticsBreakdownTable.tsx","54","              <thead className=""bg-white/[0.05] text-slate-400"">"
"D:\projects\admin-dashboard\app\(admin)\reports\analytics\components\AnalyticsBreakdownTable.tsx","67","                    <tr key={row.type} className=""transition hover:bg-white/[0.035]"">"
"D:\projects\admin-dashboard\app\(admin)\reports\analytics\components\AnalyticsBreakdownTable.tsx","68","                      <td className=""px-4 py-3 font-medium text-white"">"
"D:\projects\admin-dashboard\app\(admin)\reports\analytics\components\AnalyticsBreakdownTable.tsx","74","                      <td className=""px-4 py-3 text-right text-slate-300"">"
"D:\projects\admin-dashboard\app\(admin)\reports\analytics\components\AnalyticsBreakdownTable.tsx","78","                      <td className=""px-4 py-3 text-right text-slate-400"">"
"D:\projects\admin-dashboard\app\(admin)\reports\analytics\components\AnalyticsFilterCard.tsx","53","  ""w-full min-w-0 cursor-pointer rounded-2xl border border-white/10 bg-black/40 px-4 py-3"","
"D:\projects\admin-dashboard\app\(admin)\reports\analytics\components\AnalyticsFilterCard.tsx","54","  ""text-sm font-medium text-white outline-none transition placeholder:text-slate-500"","
"D:\projects\admin-dashboard\app\(admin)\reports\analytics\components\AnalyticsHealthBanner.tsx","18","      return ""border-red-400/25 bg-red-500/10 text-red-200"";"
"D:\projects\admin-dashboard\app\(admin)\reports\analytics\components\AnalyticsHealthBanner.tsx","20","      return ""border-white/10 bg-white/[0.055] text-slate-300"";"
"D:\projects\admin-dashboard\app\(admin)\reports\analytics\components\AnalyticsHero.tsx","40","            className=""shrink-0 rounded-2xl border border-white/10 bg-white/10 p-3"""
"D:\projects\admin-dashboard\app\(admin)\reports\analytics\components\AnalyticsHero.tsx","70","                  <span className=""break-words text-slate-300"">"
"D:\projects\admin-dashboard\app\(admin)\reports\analytics\components\AnalyticsHero.tsx","79","                  <span className=""break-all text-slate-300"">"
"D:\projects\admin-dashboard\app\(admin)\reports\analytics\components\AnalyticsSourceCard.tsx","32","          className=""shrink-0 rounded-2xl border border-white/10 bg-white/10 p-3 text-cyan-200"""
"D:\projects\admin-dashboard\app\(admin)\reports\analytics\components\AnalyticsSourceCard.tsx","79","      <div className=""mt-5 rounded-2xl border border-white/10 bg-black/30 p-4"">"
"D:\projects\admin-dashboard\app\(admin)\reports\analytics\components\AnalyticsSourceCard.tsx","100","    <div className=""flex min-w-0 items-start justify-between gap-4 border-b border-white/10 pb-3 last:border-b-0 last:pb-0"">"
"D:\projects\admin-dashboard\app\(admin)\reports\analytics\components\AnalyticsSourceCard.tsx","113","          ""min-w-0 flex-1 break-words text-right text-slate-200"","
"D:\projects\admin-dashboard\app\(admin)\reports\analytics\components\AnalyticsStatGrid.tsx","79","          className=""shrink-0 rounded-2xl border border-white/10 bg-white/10 p-3 text-cyan-200"""
"D:\projects\admin-dashboard\app\(admin)\reports\analytics\components\AnalyticsStatGrid.tsx","98","                className=""inline-block h-7 w-24 animate-pulse rounded-lg bg-white/10 align-middle"""
"D:\projects\admin-dashboard\app\(admin)\reports\components\ReportSectionGrid.tsx","30","              ""hover:-translate-y-0.5 hover:border-white/20 hover:bg-white/[0.08]"","
"D:\projects\admin-dashboard\app\(admin)\reports\components\ReportSectionGrid.tsx","38","                    ""shrink-0 rounded-2xl border border-white/10 bg-white/10 p-3 transition"","
"D:\projects\admin-dashboard\app\(admin)\reports\components\ReportSectionGrid.tsx","39","                    ""group-hover:bg-white/15"","
"D:\projects\admin-dashboard\app\(admin)\reports\components\ReportSectionGrid.tsx","61","                  ""text-sm font-medium text-slate-400 transition"","
"D:\projects\admin-dashboard\app\(admin)\reports\components\ReportSectionGrid.tsx","62","                  ""group-hover:text-white"","
"D:\projects\admin-dashboard\app\(admin)\reports\components\UploadRuleCard.tsx","14","            className=""shrink-0 rounded-2xl border border-white/10 bg-white/10 p-3 text-slate-300"""
"D:\projects\admin-dashboard\app\(admin)\reports\delivery\page.tsx","51","              <div className=""inline-flex max-w-full items-center gap-2 rounded-full border border-white/10 bg-white/10 px-3 py-1 text-xs font-semibold uppercase tracking-[0.18em] text-slate-200 shadow-sm backdrop-blur-xl"">"
"D:\projects\admin-dashboard\app\(admin)\reports\delivery\page.tsx","89","                  <div className=""flex h-12 w-12 shrink-0 items-center justify-center rounded-2xl border border-white/10 bg-white/10 text-cyan-200 shadow-lg shadow-cyan-500/10 backdrop-blur-xl"">"
"D:\projects\admin-dashboard\app\(admin)\reports\delivery\page.tsx","108","            <div className=""flex h-12 w-12 shrink-0 items-center justify-center rounded-2xl border border-white/10 bg-white/10 text-cyan-200 shadow-lg shadow-cyan-500/10 backdrop-blur-xl"">"
"D:\projects\admin-dashboard\app\(admin)\reports\hospice\components\HospiceEmptyState.tsx","7","    <div className=""min-w-0 overflow-hidden rounded-3xl border border-dashed border-white/10 bg-black/30 p-8 text-center"">"
"D:\projects\admin-dashboard\app\(admin)\reports\hospice\components\HospiceEmptyState.tsx","10","        className=""mx-auto h-8 w-8 text-slate-600"""
"D:\projects\admin-dashboard\app\(admin)\reports\hospice\components\HospiceFilters.tsx","38","  ""w-full rounded-2xl border border-white/10 bg-black/20 px-4 py-3 text-sm text-slate-100 outline-none backdrop-blur-xl transition placeholder:text-slate-500 focus:border-cyan-300/40 focus:ring-2 focus:ring-cyan-300/20"";"
"D:\projects\admin-dashboard\app\(admin)\reports\hospice\components\HospiceFilters.tsx","61","            className=""pointer-events-none absolute left-4 top-1/2 h-4 w-4 -translate-y-1/2 text-slate-500"""
"D:\projects\admin-dashboard\app\(admin)\reports\hospice\components\HospiceFilters.tsx","115","          className=""pointer-events-none absolute left-4 top-1/2 -translate-y-1/2 text-slate-500"""
"D:\projects\admin-dashboard\app\(admin)\reports\hospice\components\HospiceHero.tsx","19","          <div className=""inline-flex max-w-full items-center gap-2 rounded-full border border-white/10 bg-white/10 px-3 py-1 text-xs font-semibold uppercase tracking-[0.18em] text-slate-200 shadow-sm backdrop-blur-xl"">"
"D:\projects\admin-dashboard\app\(admin)\reports\hospice\components\HospicePatientCard.tsx","45","              className=""h-4 w-4 shrink-0 text-slate-500"""
"D:\projects\admin-dashboard\app\(admin)\reports\hospice\components\HospicePatientCard.tsx","53","          <p className={`${typography.caption} mt-1 break-words text-slate-500`}>"
"D:\projects\admin-dashboard\app\(admin)\reports\hospice\components\HospicePatientCard.tsx","106","          className={`${typography.bodyMuted} mt-4 min-w-0 overflow-hidden rounded-2xl border border-white/10 bg-white/[0.03] p-3`}"
"D:\projects\admin-dashboard\app\(admin)\reports\hospice\components\HospicePatientCard.tsx","112","      <footer className=""mt-4 flex min-w-0 flex-wrap justify-between gap-2 border-t border-white/10 pt-3 text-xs text-slate-600"">"
"D:\projects\admin-dashboard\app\(admin)\reports\hospice\components\HospicePatientCard.tsx","138","      className={`min-w-0 overflow-hidden rounded-2xl border border-white/10 bg-white/[0.03] p-3 ${className}`}"
"D:\projects\admin-dashboard\app\(admin)\reports\hospice\components\HospicePatientCard.tsx","140","      <p className={`${typography.label} break-words text-slate-500`}>"
"D:\projects\admin-dashboard\app\(admin)\reports\hospice\components\HospicePatientCard.tsx","162","    <section className=""min-w-0 overflow-hidden rounded-2xl border border-white/10 bg-white/[0.03] p-3"">"
"D:\projects\admin-dashboard\app\(admin)\reports\hospice\components\HospicePatientCard.tsx","163","      <p className={`${typography.label} break-words text-slate-500`}>"
"D:\projects\admin-dashboard\app\(admin)\reports\hospice\components\HospicePatientCard.tsx","177","              className=""min-w-0 max-w-full truncate rounded-full border border-white/10 bg-black/40 px-2.5 py-1 text-xs text-slate-300"""
"D:\projects\admin-dashboard\app\(admin)\reports\hospice\components\HospicePatientCard.tsx","184","            <span className=""rounded-full border border-white/10 bg-white/[0.05] px-2.5 py-1 text-xs text-slate-400"">"
"D:\projects\admin-dashboard\app\(admin)\reports\hospice\components\HospiceStatsGrid.tsx","31","  red: ""border-red-500/20 bg-red-500/10 text-red-300"","
"D:\projects\admin-dashboard\app\(admin)\reports\hospice\components\HospiceStatsGrid.tsx","32","  yellow: ""border-yellow-500/20 bg-yellow-500/10 text-yellow-300"","
"D:\projects\admin-dashboard\app\(admin)\reports\hospice\components\HospiceStatsGrid.tsx","93","        className={`${typography.caption} break-words text-slate-400`}"
"D:\projects\admin-dashboard\app\(admin)\reports\hospice\components\HospiceStatsGrid.tsx","99","        className={`${typography.metric} mt-2 break-words text-white`}"
"D:\projects\admin-dashboard\app\(admin)\reports\hospice\components\HospiceSystemStats.tsx","49","        className={`${typography.caption} break-words text-slate-500`}"
"D:\projects\admin-dashboard\app\(admin)\reports\hospice\components\HospiceSystemStats.tsx","55","        className={`${typography.metricCompact} mt-1 break-words text-white`}"
"D:\projects\admin-dashboard\app\(admin)\reports\hospice\hospice-utils.ts","508","      return ""border-red-500/30 bg-red-500/10 text-red-300"";"
"D:\projects\admin-dashboard\app\(admin)\reports\hospice\hospice-utils.ts","512","      return ""border-yellow-500/30 bg-yellow-500/10 text-yellow-300"";"
"D:\projects\admin-dashboard\app\(admin)\reports\hospice\hospice-utils.ts","520","      return ""border-white/10 bg-white/5 text-slate-300"";"
"D:\projects\admin-dashboard\app\(admin)\reports\hospice\page.tsx","53","            className=""min-w-0 overflow-hidden rounded-3xl border border-red-500/30 bg-red-500/10 p-5 text-sm leading-6 text-red-200 shadow-xl shadow-red-950/20 backdrop-blur-xl"""
"D:\projects\admin-dashboard\app\(admin)\reports\hospice\page.tsx","97","                  className={`${typography.caption} shrink-0 text-slate-400`}"
"D:\projects\admin-dashboard\app\(admin)\reports\hospice\page.tsx","109","              <div className={`${typography.bodyMuted} rounded-2xl border border-white/10 bg-white/[0.04] p-5`}>"
"D:\projects\admin-dashboard\app\(admin)\reports\insurance\page.tsx","81","  ""inline-flex items-center gap-2 rounded-full border border-white/10 bg-white/10 px-3 py-1 text-xs font-semibold uppercase tracking-[0.18em] text-slate-200 shadow-sm backdrop-blur-xl"";"
"D:\projects\admin-dashboard\app\(admin)\reports\insurance\page.tsx","84","  ""flex h-12 w-12 shrink-0 items-center justify-center rounded-2xl border border-white/10 bg-white/10 text-slate-200 shadow-sm backdrop-blur-xl"";"
"D:\projects\admin-dashboard\app\(admin)\reports\insurance\page.tsx","87","  ""inline-flex items-center justify-center gap-2 rounded-2xl border border-white/10 bg-white/[0.04] px-4 py-2 text-sm font-semibold text-slate-300 shadow-sm backdrop-blur-xl transition hover:bg-white/10 hover:text-white focus:outline-none focus:ring-2 focus:ring-white/20"";"
"D:\projects\admin-dashboard\app\(admin)\reports\insurance\page.tsx","107","              <p className=""mt-3 max-w-3xl text-sm leading-6 text-slate-300"">"
"D:\projects\admin-dashboard\app\(admin)\reports\insurance\page.tsx","135","                <p className=""min-w-0 break-words text-xs font-semibold uppercase tracking-[0.18em] text-slate-500"">"
"D:\projects\admin-dashboard\app\(admin)\reports\insurance\page.tsx","144","              <p className=""mt-4 text-sm leading-6 text-slate-400"">"
"D:\projects\admin-dashboard\app\(admin)\reports\insurance\page.tsx","164","                <h2 className=""mt-4 text-sm font-semibold text-white"">"
"D:\projects\admin-dashboard\app\(admin)\reports\insurance\page.tsx","168","                <p className=""mt-2 text-sm leading-6 text-slate-400"">"
"D:\projects\admin-dashboard\app\(admin)\reports\insurance\page.tsx","188","                <p className=""mt-2 max-w-4xl text-sm leading-6 text-slate-400"">"
"D:\projects\admin-dashboard\app\(admin)\reports\insurance\page.tsx","208","                      <p className=""mt-1 text-sm leading-6 text-slate-400"">"
"D:\projects\admin-dashboard\app\(admin)\reports\insurance\page.tsx","229","                  <p className=""text-sm text-slate-500"">"
"D:\projects\admin-dashboard\app\(admin)\reports\insurance\page.tsx","239","                    className=""flex min-w-0 items-center justify-between gap-3 rounded-2xl border border-white/10 bg-black/20 px-4 py-3 text-sm text-slate-300"""
"D:\projects\admin-dashboard\app\(admin)\reports\insurance\page.tsx","244","                      className=""h-4 w-4 shrink-0 text-slate-500"""
"D:\projects\admin-dashboard\app\(admin)\reports\patients\components\PatientList.tsx","94","              className=""h-4 w-4 shrink-0 text-slate-500"""
"D:\projects\admin-dashboard\app\(admin)\reports\patients\components\PatientList.tsx","102","              className=""w-full bg-transparent text-sm text-white outline-none placeholder:text-slate-600"""
"D:\projects\admin-dashboard\app\(admin)\reports\patients\components\PatientList.tsx","160","                        className=""h-4 w-4 shrink-0 text-slate-500"""
"D:\projects\admin-dashboard\app\(admin)\reports\patients\[patientId]\components\EquipmentTable.tsx","12","      <p className=""rounded-2xl border border-white/10 bg-black/30 p-4 text-sm text-zinc-500 backdrop-blur-xl"">"
"D:\projects\admin-dashboard\app\(admin)\reports\patients\[patientId]\components\EquipmentTable.tsx","19","    <div className=""overflow-x-auto rounded-3xl border border-white/10 bg-black/20 backdrop-blur-2xl"">"
"D:\projects\admin-dashboard\app\(admin)\reports\patients\[patientId]\components\EquipmentTable.tsx","21","        <thead className=""bg-white/5 text-xs uppercase tracking-wide text-zinc-500"">"
"D:\projects\admin-dashboard\app\(admin)\reports\patients\[patientId]\components\EquipmentTable.tsx","40","              className=""border-t border-white/10 transition hover:bg-white/[0.04]"""
"D:\projects\admin-dashboard\app\(admin)\reports\patients\[patientId]\components\EquipmentTable.tsx","42","              <td className=""px-4 py-3 font-medium text-zinc-100"">"
"D:\projects\admin-dashboard\app\(admin)\reports\patients\[patientId]\components\EquipmentTable.tsx","46","              <td className=""px-4 py-3 text-zinc-400"">"
"D:\projects\admin-dashboard\app\(admin)\reports\patients\[patientId]\components\EquipmentTable.tsx","50","              <td className=""px-4 py-3 text-zinc-400"">"
"D:\projects\admin-dashboard\app\(admin)\reports\patients\[patientId]\components\EquipmentTable.tsx","54","              <td className=""px-4 py-3 text-zinc-400"">"
"D:\projects\admin-dashboard\app\(admin)\reports\patients\[patientId]\components\EquipmentTable.tsx","58","              <td className=""px-4 py-3 text-zinc-400"">"
"D:\projects\admin-dashboard\app\(admin)\reports\patients\[patientId]\components\EquipmentTable.tsx","62","              <td className=""px-4 py-3 text-zinc-400"">"
"D:\projects\admin-dashboard\app\(admin)\reports\patients\[patientId]\components\EquipmentTable.tsx","66","              <td className=""px-4 py-3 text-zinc-400"">"
"D:\projects\admin-dashboard\app\(admin)\reports\patients\[patientId]\components\EquipmentTable.tsx","70","              <td className=""px-4 py-3 text-zinc-400"">"
"D:\projects\admin-dashboard\app\(admin)\reports\patients\[patientId]\components\EquipmentTable.tsx","74","              <td className=""px-4 py-3 text-zinc-400"">"
"D:\projects\admin-dashboard\app\(admin)\reports\patients\[patientId]\components\EquipmentTable.tsx","78","              <td className=""px-4 py-3 text-zinc-400"">"
"D:\projects\admin-dashboard\app\(admin)\reports\patients\[patientId]\components\PatientDetailHeader.tsx","41","    <header className=""rounded-[2rem] border border-white/10 bg-gradient-to-br from-white/[0.12] via-white/[0.055] to-black/40 p-6 shadow-2xl shadow-black/30 backdrop-blur-2xl"">"
"D:\projects\admin-dashboard\app\(admin)\reports\patients\[patientId]\components\PatientDetailHeader.tsx","44","        className=""mb-5 inline-flex items-center gap-2 text-sm text-zinc-400 transition hover:text-white"""
"D:\projects\admin-dashboard\app\(admin)\reports\patients\[patientId]\components\PatientDetailHeader.tsx","52","          <div className=""mb-2 inline-flex items-center gap-2 rounded-full border border-white/10 bg-white/10 px-3 py-1 text-xs text-zinc-300"">"
"D:\projects\admin-dashboard\app\(admin)\reports\patients\[patientId]\components\PatientDetailHeader.tsx","58","            <h1 className=""text-3xl font-bold tracking-tight text-white"">"
"D:\projects\admin-dashboard\app\(admin)\reports\patients\[patientId]\components\PatientDetailHeader.tsx","71","          <p className=""mt-2 text-sm text-zinc-400"">"
"D:\projects\admin-dashboard\app\(admin)\reports\patients\[patientId]\components\PatientDetailHeader.tsx","77","            <p className=""mt-4 max-w-4xl rounded-3xl border border-white/10 bg-black/25 p-4 text-sm leading-6 text-zinc-300 backdrop-blur-xl"">"
"D:\projects\admin-dashboard\app\(admin)\reports\patients\[patientId]\components\PatientDetailPrimitives.tsx","17","    <main className=""min-h-screen bg-[radial-gradient(circle_at_top_left,_rgba(56,189,248,0.16),_transparent_30%),radial-gradient(circle_at_top_right,_rgba(99,102,241,0.14),_transparent_32%),linear-gradient(135deg,_#020617,_#020617_45%,_#020617)] px-4 py-6 text-white md:px-6 md:py-8"">"
"D:\projects\admin-dashboard\app\(admin)\reports\patients\[patientId]\components\PatientDetailPrimitives.tsx","25","    <section className=""rounded-3xl border border-white/10 bg-white/[0.055] p-5 shadow-2xl shadow-black/25 backdrop-blur-2xl"">"
"D:\projects\admin-dashboard\app\(admin)\reports\patients\[patientId]\components\PatientDetailPrimitives.tsx","41","    <section className=""rounded-3xl border border-white/10 bg-white/[0.055] p-5 shadow-xl shadow-black/20 backdrop-blur-2xl"">"
"D:\projects\admin-dashboard\app\(admin)\reports\patients\[patientId]\components\PatientDetailPrimitives.tsx","42","      <div className=""mb-4 flex items-center gap-2 text-zinc-100"">"
"D:\projects\admin-dashboard\app\(admin)\reports\patients\[patientId]\components\PatientDetailPrimitives.tsx","43","        <div className=""rounded-2xl border border-white/10 bg-white/10 p-2 text-cyan-100"">"
"D:\projects\admin-dashboard\app\(admin)\reports\patients\[patientId]\components\PatientDetailPrimitives.tsx","56","    <div className=""rounded-2xl border border-white/10 bg-black/25 p-3 backdrop-blur-xl"">"
"D:\projects\admin-dashboard\app\(admin)\reports\patients\[patientId]\components\PatientDetailPrimitives.tsx","57","      <p className=""text-xs text-zinc-500"">{label}</p>"
"D:\projects\admin-dashboard\app\(admin)\reports\patients\[patientId]\components\PatientDetailPrimitives.tsx","58","      <p className=""mt-1 break-words text-sm font-medium text-white"">"
"D:\projects\admin-dashboard\app\(admin)\reports\patients\[patientId]\components\PatientDetailPrimitives.tsx","67","    <div className=""rounded-3xl border border-white/10 bg-white/[0.055] p-4 shadow-xl shadow-black/20 backdrop-blur-2xl"">"
"D:\projects\admin-dashboard\app\(admin)\reports\patients\[patientId]\components\PatientDetailPrimitives.tsx","68","      <p className=""text-xs text-zinc-500"">{label}</p>"
"D:\projects\admin-dashboard\app\(admin)\reports\patients\[patientId]\components\PatientDetailPrimitives.tsx","69","      <p className=""mt-1 text-2xl font-bold text-white"">"
"D:\projects\admin-dashboard\app\(admin)\reports\patients\[patientId]\components\PatientDetailPrimitives.tsx","82","        : ""border-red-500/20 bg-red-500/10 text-red-200"";"
"D:\projects\admin-dashboard\app\(admin)\reports\patients\[patientId]\components\PatientDetailPrimitives.tsx","94","      ? ""border-red-500/20 bg-red-500/10 text-red-200"""
"D:\projects\admin-dashboard\app\(admin)\reports\patients\[patientId]\components\PatientDetailPrimitives.tsx","121","      ? ""border-red-500/20 bg-red-500/10 text-red-200"""
"D:\projects\admin-dashboard\app\(admin)\reports\patients\[patientId]\components\PatientDetailPrimitives.tsx","124","        : ""border-white/10 bg-white/10 text-zinc-300"";"
"D:\projects\admin-dashboard\app\(admin)\reports\patients\[patientId]\components\PatientDetailPrimitives.tsx","135","    <span className=""rounded-full border border-white/10 bg-white/10 px-3 py-1 text-xs capitalize text-zinc-300"">"
"D:\projects\admin-dashboard\app\(admin)\reports\patients\[patientId]\components\PatientDetailPrimitives.tsx","156","        ? ""border-red-500/20 bg-red-500/10 text-red-100"""
"D:\projects\admin-dashboard\app\(admin)\reports\patients\[patientId]\components\PatientDetailPrimitives.tsx","157","        : ""border-white/10 bg-black/25 text-zinc-300"";"
"D:\projects\admin-dashboard\app\(admin)\reports\patients\[patientId]\components\PatientDetailPrimitives.tsx","182","    <div className=""rounded-2xl border border-white/10 bg-black/25 p-5 backdrop-blur-xl"">"
"D:\projects\admin-dashboard\app\(admin)\reports\patients\[patientId]\components\PatientDetailPrimitives.tsx","183","      <div className=""flex items-center gap-2 text-zinc-200"">"
"D:\projects\admin-dashboard\app\(admin)\reports\patients\[patientId]\components\PatientDetailPrimitives.tsx","187","      <p className=""mt-2 text-sm text-zinc-500"">{message}</p>"
"D:\projects\admin-dashboard\app\(admin)\reports\patients\[patientId]\components\PatientDetailPrimitives.tsx","196","        <div className=""flex items-center gap-3 text-sm text-zinc-300"">"
"D:\projects\admin-dashboard\app\(admin)\reports\patients\[patientId]\components\PatientDetailPrimitives.tsx","228","            className=""rounded-full border border-red-500/20 bg-red-500/10 px-3 py-1 text-xs text-red-100"""
"D:\projects\admin-dashboard\app\(admin)\reports\patients\[patientId]\components\PatientDetailPrimitives.tsx","256","        : ""border-red-500/30 bg-red-600/10 text-red-100 hover:bg-red-600/20"";"
"D:\projects\admin-dashboard\app\(admin)\reports\patients\[patientId]\components\PatientNotesSection.tsx","16","      <label htmlFor={id} className=""mb-2 block text-sm text-zinc-400"">"
"D:\projects\admin-dashboard\app\(admin)\reports\patients\[patientId]\components\PatientNotesSection.tsx","26","        className=""w-full resize-y rounded-3xl border border-white/10 bg-black/30 p-4 text-sm text-white outline-none backdrop-blur-xl focus:border-cyan-400/30"""
"D:\projects\admin-dashboard\app\(admin)\reports\patients\[patientId]\components\PatientReportSources.tsx","9","    <section className=""rounded-3xl border border-white/10 bg-white/[0.055] p-6 shadow-xl shadow-black/20 backdrop-blur-2xl"">"
"D:\projects\admin-dashboard\app\(admin)\reports\patients\[patientId]\components\PatientReportSources.tsx","11","        <FileText className=""h-5 w-5 text-zinc-300"" />"
"D:\projects\admin-dashboard\app\(admin)\reports\patients\[patientId]\components\PatientReportSources.tsx","20","              className=""rounded-full border border-white/10 bg-black/20 px-3 py-1 text-xs text-zinc-300"""
"D:\projects\admin-dashboard\app\(admin)\reports\patients\[patientId]\components\PatientReportSources.tsx","26","          <span className=""text-sm text-zinc-500"">"
"D:\projects\admin-dashboard\app\(admin)\reports\patients\[patientId]\components\PatientTasksSection.tsx","36","      <span className=""mb-2 block text-xs text-zinc-400"">{label}</span>"
"D:\projects\admin-dashboard\app\(admin)\reports\patients\[patientId]\components\PatientTasksSection.tsx","45","        className=""w-full rounded-2xl border border-white/10 bg-black/30 p-3 text-sm text-white outline-none placeholder:text-zinc-600 focus:border-cyan-400/30"""
"D:\projects\admin-dashboard\app\(admin)\reports\patients\[patientId]\components\PatientTasksSection.tsx","72","          className=""flex flex-col gap-3 rounded-3xl border border-white/10 bg-black/25 p-4 backdrop-blur-xl md:flex-row md:items-center md:justify-between"""
"D:\projects\admin-dashboard\app\(admin)\reports\patients\[patientId]\components\PatientTasksSection.tsx","76","              <p className=""font-semibold text-white"">{task.title}</p>"
"D:\projects\admin-dashboard\app\(admin)\reports\patients\[patientId]\components\PatientTasksSection.tsx","83","            <p className=""mt-1 text-xs text-zinc-400"">"
"D:\projects\admin-dashboard\app\(admin)\reports\patients\[patientId]\components\PatientTasksSection.tsx","133","      <div className=""grid gap-3 rounded-3xl border border-white/10 bg-black/25 p-4 backdrop-blur-2xl md:grid-cols-4"">"
"D:\projects\admin-dashboard\app\(admin)\reports\patients\[patientId]\components\PatientTasksSection.tsx","156","          <span className=""mb-2 block text-xs text-zinc-400"">"
"D:\projects\admin-dashboard\app\(admin)\reports\patients\[patientId]\components\PatientTasksSection.tsx","169","            className=""w-full rounded-2xl border border-white/10 bg-black/30 p-3 text-sm text-white outline-none"""
"D:\projects\admin-dashboard\app\(admin)\reports\patients\[patientId]\components\PatientTasksSection.tsx","206","        <details className=""rounded-3xl border border-white/10 bg-black/25 p-4 backdrop-blur-2xl"">"
"D:\projects\admin-dashboard\app\(admin)\reports\patients\[patientId]\components\PatientTasksSection.tsx","207","          <summary className=""cursor-pointer text-sm font-semibold text-zinc-300"">"
"D:\projects\admin-dashboard\app\(admin)\reports\patients\[patientId]\components\PurchaseTable.tsx","12","      <p className=""rounded-2xl border border-white/10 bg-black/30 p-4 text-sm text-zinc-500 backdrop-blur-xl"">"
"D:\projects\admin-dashboard\app\(admin)\reports\patients\[patientId]\components\PurchaseTable.tsx","19","    <div className=""overflow-x-auto rounded-3xl border border-white/10 bg-black/20 backdrop-blur-2xl"">"
"D:\projects\admin-dashboard\app\(admin)\reports\patients\[patientId]\components\PurchaseTable.tsx","21","        <thead className=""bg-white/5 text-xs uppercase tracking-wide text-zinc-500"">"
"D:\projects\admin-dashboard\app\(admin)\reports\patients\[patientId]\components\PurchaseTable.tsx","36","              className=""border-t border-white/10 transition hover:bg-white/[0.04]"""
"D:\projects\admin-dashboard\app\(admin)\reports\patients\[patientId]\components\PurchaseTable.tsx","38","              <td className=""px-4 py-3 font-medium text-zinc-100"">"
"D:\projects\admin-dashboard\app\(admin)\reports\patients\[patientId]\components\PurchaseTable.tsx","42","              <td className=""px-4 py-3 text-zinc-400"">"
"D:\projects\admin-dashboard\app\(admin)\reports\patients\[patientId]\components\PurchaseTable.tsx","46","              <td className=""px-4 py-3 text-zinc-400"">"
"D:\projects\admin-dashboard\app\(admin)\reports\patients\[patientId]\components\PurchaseTable.tsx","50","              <td className=""px-4 py-3 text-zinc-400"">"
"D:\projects\admin-dashboard\app\(admin)\reports\patients\[patientId]\components\PurchaseTable.tsx","54","              <td className=""px-4 py-3 text-zinc-400"">"
"D:\projects\admin-dashboard\app\(admin)\reports\patients\[patientId]\components\PurchaseTable.tsx","58","              <td className=""px-4 py-3 text-zinc-400"">"
"D:\projects\admin-dashboard\app\(admin)\reports\patients\[patientId]\page.tsx","370","            className=""mb-4 inline-flex items-center gap-2 text-sm text-zinc-400 transition hover:text-white"""
"D:\projects\admin-dashboard\app\(admin)\reports\patients\[patientId]\page.tsx","376","          <p className=""text-zinc-400"">Patient record not found.</p>"
"D:\projects\admin-dashboard\app\(admin)\reports\patients\[patientId]\page.tsx","394","        <div className=""flex items-start justify-between gap-3 rounded-3xl border border-white/10 bg-white/[0.075] p-4 text-sm text-zinc-200 shadow-xl shadow-black/20 backdrop-blur-2xl"">"
"D:\projects\admin-dashboard\app\(admin)\reports\patients\[patientId]\page.tsx","400","            className=""rounded-xl p-1 text-zinc-400 transition hover:bg-white/10 hover:text-white"""
"D:\projects\admin-dashboard\app\(admin)\reports\upload\components\BatchHealthPanel.tsx","24","    <section className=""rounded-[2rem] border border-white/10 bg-white/[0.055] p-5 shadow-xl shadow-black/20 backdrop-blur-2xl"">"
"D:\projects\admin-dashboard\app\(admin)\reports\upload\components\BatchHealthPanel.tsx","26","        <h2 className=""text-lg font-semibold text-white"">"
"D:\projects\admin-dashboard\app\(admin)\reports\upload\components\BatchHealthPanel.tsx","30","        <p className=""mt-1 text-sm text-neutral-500"">"
"D:\projects\admin-dashboard\app\(admin)\reports\upload\components\BatchHealthPanel.tsx","81","      ? ""border-blue-400/20 bg-blue-500/10 text-blue-200"""
"D:\projects\admin-dashboard\app\(admin)\reports\upload\components\BatchHealthPanel.tsx","85","          ? ""border-red-400/20 bg-red-500/10 text-red-200"""
"D:\projects\admin-dashboard\app\(admin)\reports\upload\components\BatchHealthPanel.tsx","86","          : ""border-white/10 bg-black/20 text-neutral-200"";"
"D:\projects\admin-dashboard\app\(admin)\reports\upload\components\BatchHealthPanel.tsx","100","        <div className=""rounded-xl border border-white/10 bg-black/20 p-2"">"
"D:\projects\admin-dashboard\app\(admin)\reports\upload\components\ImportHealthPanel.tsx","30","          className=""rounded-2xl border border-white/10 bg-white/[0.06] p-3 text-slate-300"""
"D:\projects\admin-dashboard\app\(admin)\reports\upload\components\ImportHealthPanel.tsx","37","          <h2 className=""text-lg font-semibold text-white"">"
"D:\projects\admin-dashboard\app\(admin)\reports\upload\components\ImportHealthPanel.tsx","41","          <p className=""mt-1 text-sm leading-6 text-slate-400"">"
"D:\projects\admin-dashboard\app\(admin)\reports\upload\components\ImportJobsTable.tsx","112","          <p className=""text-xs font-semibold uppercase tracking-[0.22em] text-slate-500"">"
"D:\projects\admin-dashboard\app\(admin)\reports\upload\components\ImportJobsTable.tsx","118","            className=""mt-2 text-xl font-semibold text-white"""
"D:\projects\admin-dashboard\app\(admin)\reports\upload\components\ImportJobsTable.tsx","123","          <p className=""mt-2 text-sm leading-6 text-slate-400"">"
"D:\projects\admin-dashboard\app\(admin)\reports\upload\components\ImportJobsTable.tsx","135","            className=""inline-flex items-center gap-2 rounded-2xl border border-white/10 bg-white/[0.06] px-4 py-2 text-sm font-semibold text-slate-200 transition hover:bg-white/[0.1] disabled:cursor-not-allowed disabled:opacity-50"""
"D:\projects\admin-dashboard\app\(admin)\reports\upload\components\ImportJobsTable.tsx","151","            className=""inline-flex items-center gap-2 rounded-2xl border border-red-400/20 bg-red-500/10 px-4 py-2 text-sm font-semibold text-red-200 transition hover:bg-red-500/15 disabled:cursor-not-allowed disabled:opacity-50"""
"D:\projects\admin-dashboard\app\(admin)\reports\upload\components\ImportJobsTable.tsx","163","            className=""mb-2 block text-sm font-medium text-slate-300"""
"D:\projects\admin-dashboard\app\(admin)\reports\upload\components\ImportJobsTable.tsx","175","            className=""w-full rounded-2xl border border-white/10 bg-black/30 px-4 py-3 text-sm text-white outline-none transition focus:border-white/30"""
"D:\projects\admin-dashboard\app\(admin)\reports\upload\components\ImportJobsTable.tsx","192","            className=""mb-2 block text-sm font-medium text-slate-300"""
"D:\projects\admin-dashboard\app\(admin)\reports\upload\components\ImportJobsTable.tsx","199","              className=""pointer-events-none absolute left-4 top-1/2 h-4 w-4 -translate-y-1/2 text-slate-500"""
"D:\projects\admin-dashboard\app\(admin)\reports\upload\components\ImportJobsTable.tsx","211","              className=""w-full rounded-2xl border border-white/10 bg-black/30 py-3 pl-11 pr-4 text-sm text-white outline-none transition placeholder:text-slate-500 focus:border-white/30"""
"D:\projects\admin-dashboard\app\(admin)\reports\upload\components\ImportJobsTable.tsx","217","      <div className=""mt-6 overflow-hidden rounded-3xl border border-white/10"">"
"D:\projects\admin-dashboard\app\(admin)\reports\upload\components\ImportJobsTable.tsx","225","            <thead className=""bg-white/[0.04] text-xs uppercase tracking-[0.18em] text-slate-500"">"
"D:\projects\admin-dashboard\app\(admin)\reports\upload\components\ImportJobsTable.tsx","241","                    className=""inline-flex h-8 w-8 items-center justify-center rounded-xl border border-white/10 bg-black/20 text-slate-300 transition hover:bg-white/[0.08]"""
"D:\projects\admin-dashboard\app\(admin)\reports\upload\components\ImportJobsTable.tsx","247","                        className=""h-4 w-4 rounded border border-slate-500"""
"D:\projects\admin-dashboard\app\(admin)\reports\upload\components\ImportJobsTable.tsx","284","                    <div className=""inline-flex items-center gap-3 text-sm text-slate-400"">"
"D:\projects\admin-dashboard\app\(admin)\reports\upload\components\ImportJobsTable.tsx","296","                    <div className=""inline-flex items-center gap-3 text-sm text-slate-400"">"
"D:\projects\admin-dashboard\app\(admin)\reports\upload\components\ImportJobsTable.tsx","312","                      className=""bg-black/10 transition hover:bg-white/[0.035]"""
"D:\projects\admin-dashboard\app\(admin)\reports\upload\components\ImportJobsTable.tsx","328","                          className=""inline-flex h-8 w-8 items-center justify-center rounded-xl border border-white/10 bg-black/20 text-slate-300 transition hover:bg-white/[0.08]"""
"D:\projects\admin-dashboard\app\(admin)\reports\upload\components\ImportJobsTable.tsx","337","                              className=""h-4 w-4 rounded border border-slate-500"""
"D:\projects\admin-dashboard\app\(admin)\reports\upload\components\ImportJobsTable.tsx","345","                        <p className=""truncate text-sm font-semibold text-white"">"
"D:\projects\admin-dashboard\app\(admin)\reports\upload\components\ImportJobsTable.tsx","349","                        <p className=""mt-1 text-xs text-slate-500"">{jobId}</p>"
"D:\projects\admin-dashboard\app\(admin)\reports\upload\components\ImportJobsTable.tsx","352","                      <td className=""px-4 py-4 text-sm text-slate-300"">"
"D:\projects\admin-dashboard\app\(admin)\reports\upload\components\ImportJobsTable.tsx","357","                        <span className=""inline-flex rounded-full border border-white/10 bg-white/[0.06] px-3 py-1 text-xs font-semibold uppercase tracking-[0.16em] text-slate-300"">"
"D:\projects\admin-dashboard\app\(admin)\reports\upload\components\ImportJobsTable.tsx","362","                      <td className=""px-4 py-4 text-sm text-slate-300"">"
"D:\projects\admin-dashboard\app\(admin)\reports\upload\components\ImportJobsTable.tsx","366","                      <td className=""px-4 py-4 text-sm text-slate-400"">"
"D:\projects\admin-dashboard\app\(admin)\reports\upload\components\ImportJobsTable.tsx","378","                            className=""inline-flex h-9 w-9 items-center justify-center rounded-xl border border-white/10 bg-white/[0.06] text-slate-300 transition hover:bg-white/[0.1] disabled:cursor-not-allowed disabled:opacity-50"""
"D:\projects\admin-dashboard\app\(admin)\reports\upload\components\ImportJobsTable.tsx","399","                            className=""inline-flex h-9 w-9 items-center justify-center rounded-xl border border-red-400/20 bg-red-500/10 text-red-200 transition hover:bg-red-500/15 disabled:cursor-not-allowed disabled:opacity-50"""
"D:\projects\admin-dashboard\app\(admin)\reports\upload\components\MiniStat.tsx","10","    <div className=""flex items-center justify-between gap-3 rounded-2xl border border-white/10 bg-black/30 p-4"">"
"D:\projects\admin-dashboard\app\(admin)\reports\upload\components\MiniStat.tsx","11","      <span className=""text-sm text-neutral-400"">{label}</span>"
"D:\projects\admin-dashboard\app\(admin)\reports\upload\components\MiniStat.tsx","12","      <span className=""font-semibold text-white"">{value}</span>"
"D:\projects\admin-dashboard\app\(admin)\reports\upload\components\PatientIndexPanel.tsx","89","          <p className=""text-xs font-semibold uppercase tracking-[0.22em] text-slate-500"">"
"D:\projects\admin-dashboard\app\(admin)\reports\upload\components\PatientIndexPanel.tsx","95","            className=""mt-2 text-lg font-semibold text-white"""
"D:\projects\admin-dashboard\app\(admin)\reports\upload\components\PatientIndexPanel.tsx","100","          <p className=""mt-2 text-sm leading-6 text-slate-400"">"
"D:\projects\admin-dashboard\app\(admin)\reports\upload\components\PatientIndexPanel.tsx","106","          className=""rounded-2xl border border-white/10 bg-white/[0.06] p-3 text-slate-300"""
"D:\projects\admin-dashboard\app\(admin)\reports\upload\components\PatientIndexPanel.tsx","118","        <div className=""rounded-2xl border border-white/10 bg-black/20 p-4"">"
"D:\projects\admin-dashboard\app\(admin)\reports\upload\components\PatientIndexPanel.tsx","119","          <div className=""flex items-center gap-2 text-sm text-slate-400"">"
"D:\projects\admin-dashboard\app\(admin)\reports\upload\components\PatientIndexPanel.tsx","124","          <p className=""mt-2 text-2xl font-bold text-white"">"
"D:\projects\admin-dashboard\app\(admin)\reports\upload\components\PatientIndexPanel.tsx","129","        <div className=""rounded-2xl border border-white/10 bg-black/20 p-4"">"
"D:\projects\admin-dashboard\app\(admin)\reports\upload\components\PatientIndexPanel.tsx","130","          <div className=""flex items-center gap-2 text-sm text-slate-400"">"
"D:\projects\admin-dashboard\app\(admin)\reports\upload\components\PatientIndexPanel.tsx","135","          <p className=""mt-2 text-2xl font-bold text-white"">"
"D:\projects\admin-dashboard\app\(admin)\reports\upload\components\PatientIndexPanel.tsx","140","        <div className=""rounded-2xl border border-white/10 bg-black/20 p-4"">"
"D:\projects\admin-dashboard\app\(admin)\reports\upload\components\PatientIndexPanel.tsx","141","          <p className=""text-sm text-slate-400"">Last Updated</p>"
"D:\projects\admin-dashboard\app\(admin)\reports\upload\components\PatientIndexPanel.tsx","143","          <p className=""mt-2 text-sm font-medium text-slate-200"">"
"D:\projects\admin-dashboard\app\(admin)\reports\upload\components\StatCard.tsx","24","          className=""rounded-xl border border-white/10 bg-white/[0.06] p-2 text-slate-300"""
"D:\projects\admin-dashboard\app\(admin)\reports\upload\components\StatCard.tsx","31","          <p className=""text-sm text-slate-400"">{label}</p>"
"D:\projects\admin-dashboard\app\(admin)\reports\upload\components\StatCard.tsx","33","          <p className=""mt-1 text-2xl font-bold text-white"">"
"D:\projects\admin-dashboard\app\(admin)\reports\upload\components\StatCard.tsx","38","            <p className=""mt-1 text-xs text-slate-500"">"
"D:\projects\admin-dashboard\app\(admin)\reports\upload\components\StatusBadge.tsx","19","        ? ""border-red-400/20 bg-red-500/10 text-red-200"""
"D:\projects\admin-dashboard\app\(admin)\reports\upload\components\StatusBadge.tsx","21","          ? ""border-blue-400/20 bg-blue-500/10 text-blue-200"""
"D:\projects\admin-dashboard\app\(admin)\reports\upload\components\StatusBadge.tsx","22","          : ""border-white/10 bg-white/5 text-neutral-300"";"
"D:\projects\admin-dashboard\app\(admin)\reports\upload\components\UploadAccessGate.tsx","49","            <Loader2 className=""mx-auto h-8 w-8 animate-spin text-slate-200"" />"
"D:\projects\admin-dashboard\app\(admin)\reports\upload\components\UploadBatchActions.tsx","36","      className=""flex flex-wrap items-center gap-3 rounded-[2rem] border border-white/10 bg-white/[0.055] p-5 shadow-xl shadow-black/20 backdrop-blur-2xl"""
"D:\projects\admin-dashboard\app\(admin)\reports\upload\components\UploadBatchActions.tsx","43","        className=""inline-flex items-center gap-2 rounded-2xl bg-white px-5 py-3 text-sm font-semibold text-black transition hover:bg-neutral-200 disabled:cursor-not-allowed disabled:opacity-50"""
"D:\projects\admin-dashboard\app\(admin)\reports\upload\components\UploadBatchActions.tsx","70","        className=""inline-flex items-center gap-2 rounded-2xl border border-red-400/20 bg-red-500/10 px-5 py-3 text-sm font-semibold text-red-200 transition hover:bg-red-500/15 disabled:cursor-not-allowed disabled:opacity-50"""
"D:\projects\admin-dashboard\app\(admin)\reports\upload\components\UploadBatchActions.tsx","77","      <div className=""ml-auto text-sm text-neutral-400"" aria-live=""polite"">"
"D:\projects\admin-dashboard\app\(admin)\reports\upload\components\UploadBatchActions.tsx","79","        <span className=""font-semibold text-white"">"
"D:\projects\admin-dashboard\app\(admin)\reports\upload\components\UploadDropzone.tsx","75","        className=""mt-6 rounded-3xl border border-dashed border-white/20 bg-white/[0.045] p-8 text-center transition hover:border-white/30 hover:bg-white/[0.06]"""
"D:\projects\admin-dashboard\app\(admin)\reports\upload\components\UploadHero.tsx","44","              <p className=""mt-2 text-2xl font-black tracking-tight text-white"">"
"D:\projects\admin-dashboard\app\(admin)\reports\upload\components\UploadQueue.tsx","64","    <section className=""rounded-[2rem] border border-white/10 bg-black/30 p-4 shadow-2xl shadow-black/30 backdrop-blur-2xl"">"
"D:\projects\admin-dashboard\app\(admin)\reports\upload\components\UploadQueue.tsx","67","          <h2 className=""text-lg font-bold text-white"">Recent Import Jobs</h2>"
"D:\projects\admin-dashboard\app\(admin)\reports\upload\components\UploadQueue.tsx","69","          <p className=""text-xs text-neutral-400"">"
"D:\projects\admin-dashboard\app\(admin)\reports\upload\components\UploadQueue.tsx","75","            <p className=""mt-1 text-xs text-blue-200/80"">"
"D:\projects\admin-dashboard\app\(admin)\reports\upload\components\UploadQueue.tsx","86","            className=""rounded-2xl border border-white/10 bg-white/10 px-4 py-2 text-sm font-semibold text-white transition hover:bg-white/15 disabled:cursor-not-allowed disabled:opacity-45"""
"D:\projects\admin-dashboard\app\(admin)\reports\upload\components\UploadQueue.tsx","95","            className=""rounded-2xl border border-white/10 bg-white/5 px-4 py-2 text-sm font-semibold text-neutral-300 transition hover:bg-white/10 disabled:cursor-not-allowed disabled:opacity-45"""
"D:\projects\admin-dashboard\app\(admin)\reports\upload\components\UploadQueue.tsx","104","            className=""inline-flex items-center gap-2 rounded-2xl border border-blue-400/20 bg-blue-500/10 px-4 py-2 text-sm font-semibold text-blue-200 transition hover:bg-blue-500/15 disabled:cursor-not-allowed disabled:opacity-45"""
"D:\projects\admin-dashboard\app\(admin)\reports\upload\components\UploadQueue.tsx","127","          <div className=""rounded-3xl border border-white/10 bg-white/[0.04] p-8 text-center text-sm text-neutral-400"">"
"D:\projects\admin-dashboard\app\(admin)\reports\upload\components\UploadQueueItem.tsx","221","      toneClass: ""border-neutral-400/20 bg-neutral-500/10 text-neutral-300"","
"D:\projects\admin-dashboard\app\(admin)\reports\upload\components\UploadQueueItem.tsx","222","      barClass: ""bg-neutral-400"","
"D:\projects\admin-dashboard\app\(admin)\reports\upload\components\UploadQueueItem.tsx","235","    toneClass: ""border-blue-400/25 bg-blue-500/10 text-blue-200"","
"D:\projects\admin-dashboard\app\(admin)\reports\upload\components\UploadQueueItem.tsx","260","      className=""rounded-3xl border border-white/10 bg-black/35 p-4 shadow-xl shadow-black/20"""
"D:\projects\admin-dashboard\app\(admin)\reports\upload\components\UploadQueueItem.tsx","270","            className=""mt-1 h-4 w-4 rounded border-white/20 bg-black disabled:cursor-not-allowed disabled:opacity-50"""
"D:\projects\admin-dashboard\app\(admin)\reports\upload\components\UploadQueueItem.tsx","276","              <FileText className=""h-4 w-4 text-neutral-400"" aria-hidden=""true"" />"
"D:\projects\admin-dashboard\app\(admin)\reports\upload\components\UploadQueueItem.tsx","278","              <h3 className=""truncate text-sm font-bold text-white"">"
"D:\projects\admin-dashboard\app\(admin)\reports\upload\components\UploadQueueItem.tsx","282","              <span className=""rounded-full border border-white/10 bg-white/[0.06] px-2 py-0.5 text-[11px] font-semibold text-neutral-300"">"
"D:\projects\admin-dashboard\app\(admin)\reports\upload\components\UploadQueueItem.tsx","287","                <span className=""rounded-full border border-white/10 bg-white/[0.06] px-2 py-0.5 text-[11px] font-semibold text-neutral-400"">"
"D:\projects\admin-dashboard\app\(admin)\reports\upload\components\UploadQueueItem.tsx","293","            <p className=""mt-2 truncate text-sm font-semibold text-blue-100"">"
"D:\projects\admin-dashboard\app\(admin)\reports\upload\components\UploadQueueItem.tsx","297","            <p className=""mt-1 text-xs text-neutral-500"">"
"D:\projects\admin-dashboard\app\(admin)\reports\upload\components\UploadQueueItem.tsx","302","              <p className=""mt-1 truncate text-xs text-neutral-600"">"
"D:\projects\admin-dashboard\app\(admin)\reports\upload\components\UploadQueueItem.tsx","308","              <p className=""mt-1 truncate text-xs text-neutral-600"">"
"D:\projects\admin-dashboard\app\(admin)\reports\upload\components\UploadQueueItem.tsx","327","            className=""rounded-2xl border border-blue-400/20 bg-blue-500/10 p-2 text-blue-200 transition hover:bg-blue-500/15 disabled:cursor-not-allowed disabled:opacity-50"""
"D:\projects\admin-dashboard\app\(admin)\reports\upload\components\UploadQueueItem.tsx","352","        <div className=""mb-2 flex items-center justify-between text-xs text-neutral-500"">"
"D:\projects\admin-dashboard\app\(admin)\reports\upload\components\UploadQueueItem.tsx","357","        <div className=""h-2 overflow-hidden rounded-full bg-white/10"">"
"D:\projects\admin-dashboard\app\(admin)\reports\upload\components\UploadQueueItem.tsx","369","            className=""rounded-2xl border border-white/10 bg-black/25 p-4"""
"D:\projects\admin-dashboard\app\(admin)\reports\upload\components\UploadQueueItem.tsx","371","            <p className=""text-xs text-neutral-400"">{metric.label}</p>"
"D:\projects\admin-dashboard\app\(admin)\reports\upload\components\UploadQueueItem.tsx","372","            <p className=""mt-2 text-sm font-bold text-white"">"
"D:\projects\admin-dashboard\app\(admin)\reports\upload\components\UploadQueueItem.tsx","390","        <div className=""mt-3 flex items-center gap-2 text-xs text-blue-200/80"">"
"D:\projects\admin-dashboard\app\(admin)\reports\upload\components\UploadQueueItem.tsx","397","        <div className=""mt-3 flex items-center gap-2 text-xs text-neutral-400"">"
"D:\projects\admin-dashboard\app\(admin)\reports\upload\components\UploadQueueList.tsx","51","              <p className=""mt-1 text-lg font-semibold text-white"">{value}</p>"
"D:\projects\admin-dashboard\app\(admin)\reports\upload\components\UploadQueueList.tsx","93","            <FileText className=""mx-auto h-8 w-8 text-white/45"" aria-hidden=""true"" />"
"D:\projects\admin-dashboard\app\(admin)\reports\upload\components\UploadQueueList.tsx","109","                    <FileText className=""h-4 w-4 shrink-0 text-slate-200"" aria-hidden=""true"" />"
"D:\projects\admin-dashboard\app\(admin)\reports\upload\components\UploadQueueList.tsx","111","                    <p className=""truncate font-semibold text-white"">"
"D:\projects\admin-dashboard\app\(admin)\reports\upload\components\UploadQueueList.tsx","156","              <div className=""mt-4 h-2 overflow-hidden rounded-full bg-white/10"">"
"D:\projects\admin-dashboard\app\(admin)\reports\upload\components\UploadQueueList.tsx","158","                  className=""h-full rounded-full bg-white/80 transition-all duration-300"""
"D:\projects\admin-dashboard\app\(admin)\reports\upload\components\UploadRulesPanel.tsx","44","          className=""rounded-2xl border border-white/10 bg-white/[0.06] p-3 text-slate-300"""
"D:\projects\admin-dashboard\app\(admin)\reports\upload\components\UploadRulesPanel.tsx","51","          <p className=""text-xs font-semibold uppercase tracking-[0.22em] text-slate-500"">"
"D:\projects\admin-dashboard\app\(admin)\reports\upload\components\UploadRulesPanel.tsx","57","            className=""mt-2 text-lg font-semibold text-white"""
"D:\projects\admin-dashboard\app\(admin)\reports\upload\components\UploadRulesPanel.tsx","64","            className=""mt-2 text-sm leading-6 text-slate-400"""
"D:\projects\admin-dashboard\app\(admin)\reports\upload\components\UploadRulesPanel.tsx","75","            className=""flex gap-3 rounded-2xl border border-white/10 bg-black/20 p-3 text-sm leading-6 text-slate-300"""
"D:\projects\admin-dashboard\app\(admin)\reports\upload\components\UploadRulesPanel.tsx","78","              className=""mt-0.5 h-4 w-4 shrink-0 text-slate-400"""
"D:\projects\admin-dashboard\app\(admin)\reports\upload\components\UploadRulesPanel.tsx","87","      <div className=""mt-5 rounded-2xl border border-blue-400/15 bg-blue-500/10 p-3 text-xs leading-5 text-blue-100/85"">"
"D:\projects\admin-dashboard\app\(admin)\reports\upload\components\UploadSettingsCards.tsx","79","            className=""pointer-events-none absolute right-3 top-1/2 h-4 w-4 -translate-y-1/2 text-white/40"""
"D:\projects\admin-dashboard\app\(admin)\reports\upload\components\UploadSettingsCards.tsx","84","            className=""pointer-events-none absolute right-3 top-1/2 h-4 w-4 -translate-y-1/2 text-white/50"""
"D:\projects\admin-dashboard\app\(admin)\reports\wip\components\WipAgingAlerts.tsx","17","    <section className=""rounded-[2rem] border border-red-300/10 bg-white/[0.055] p-5 shadow-2xl shadow-black/25 backdrop-blur-2xl"">"
"D:\projects\admin-dashboard\app\(admin)\reports\wip\components\WipAgingAlerts.tsx","19","        <div className=""rounded-2xl border border-red-300/20 bg-red-400/10 p-3 text-red-200"">"
"D:\projects\admin-dashboard\app\(admin)\reports\wip\components\WipAgingAlerts.tsx","24","          <h2 className=""text-lg font-semibold text-white"">Aging Alerts</h2>"
"D:\projects\admin-dashboard\app\(admin)\reports\wip\components\WipAgingAlerts.tsx","25","          <p className=""text-sm text-slate-500"">"
"D:\projects\admin-dashboard\app\(admin)\reports\wip\components\WipAgingAlerts.tsx","35","            className=""rounded-2xl border border-red-300/10 bg-red-400/[0.06] p-4"""
"D:\projects\admin-dashboard\app\(admin)\reports\wip\components\WipAgingAlerts.tsx","39","                <p className=""font-semibold text-white"">{record.patientName}</p>"
"D:\projects\admin-dashboard\app\(admin)\reports\wip\components\WipAgingAlerts.tsx","40","                <p className=""mt-1 text-sm text-slate-400"">{record.issue}</p>"
"D:\projects\admin-dashboard\app\(admin)\reports\wip\components\WipAgingAlerts.tsx","43","              <span className=""rounded-full border border-red-300/20 bg-red-400/10 px-3 py-1 text-xs font-bold text-red-200"">"
"D:\projects\admin-dashboard\app\(admin)\reports\wip\components\WipAgingAlerts.tsx","51","          <div className=""rounded-2xl border border-white/10 bg-black/20 p-4 text-sm text-slate-400"">"
"D:\projects\admin-dashboard\app\(admin)\reports\wip\components\WipAnalytics.tsx","20","    <section className=""rounded-[2rem] border border-white/10 bg-white/[0.055] p-5 shadow-2xl shadow-black/25 backdrop-blur-2xl"">"
"D:\projects\admin-dashboard\app\(admin)\reports\wip\components\WipAnalytics.tsx","27","          <h2 className=""text-lg font-semibold text-white"">WIP Analytics</h2>"
"D:\projects\admin-dashboard\app\(admin)\reports\wip\components\WipAnalytics.tsx","28","          <p className=""text-sm text-slate-500"">"
"D:\projects\admin-dashboard\app\(admin)\reports\wip\components\WipAnalytics.tsx","44","                <span className=""text-slate-300"">{row.label}</span>"
"D:\projects\admin-dashboard\app\(admin)\reports\wip\components\WipAnalytics.tsx","45","                <span className=""text-slate-500"">{row.value}</span>"
"D:\projects\admin-dashboard\app\(admin)\reports\wip\components\WipAnalytics.tsx","48","              <div className=""h-2 overflow-hidden rounded-full bg-white/10"">"
"D:\projects\admin-dashboard\app\(admin)\reports\wip\components\WipAnalytics.tsx","50","                  className=""h-full rounded-full bg-white/40"""
"D:\projects\admin-dashboard\app\(admin)\reports\wip\components\WipAnalytics.tsx","60","        <div className=""rounded-2xl border border-white/10 bg-black/20 p-4"">"
"D:\projects\admin-dashboard\app\(admin)\reports\wip\components\WipAnalytics.tsx","61","          <p className=""text-xs text-slate-500"">Average Days Open</p>"
"D:\projects\admin-dashboard\app\(admin)\reports\wip\components\WipAnalytics.tsx","62","          <p className=""mt-1 text-xl font-bold text-white"">"
"D:\projects\admin-dashboard\app\(admin)\reports\wip\components\WipAnalytics.tsx","67","        <div className=""rounded-2xl border border-white/10 bg-black/20 p-4"">"
"D:\projects\admin-dashboard\app\(admin)\reports\wip\components\WipAnalytics.tsx","68","          <p className=""text-xs text-slate-500"">Completion Rate</p>"
"D:\projects\admin-dashboard\app\(admin)\reports\wip\components\WipAnalytics.tsx","69","          <p className=""mt-1 text-xl font-bold text-white"">"
"D:\projects\admin-dashboard\app\(admin)\reports\wip\components\WipEmployeeGroups.tsx","14","    <section className=""rounded-[2rem] border border-white/10 bg-white/[0.055] p-5 shadow-2xl shadow-black/25 backdrop-blur-2xl"">"
"D:\projects\admin-dashboard\app\(admin)\reports\wip\components\WipEmployeeGroups.tsx","21","          <h2 className=""text-lg font-semibold text-white"">Employee Load</h2>"
"D:\projects\admin-dashboard\app\(admin)\reports\wip\components\WipEmployeeGroups.tsx","22","          <p className=""text-sm text-slate-500"">"
"D:\projects\admin-dashboard\app\(admin)\reports\wip\components\WipEmployeeGroups.tsx","35","              className=""rounded-2xl border border-white/10 bg-black/20 p-4"""
"D:\projects\admin-dashboard\app\(admin)\reports\wip\components\WipEmployeeGroups.tsx","39","                  <p className=""font-semibold text-white"">{employee}</p>"
"D:\projects\admin-dashboard\app\(admin)\reports\wip\components\WipEmployeeGroups.tsx","40","                  <p className=""text-sm text-slate-500"">"
"D:\projects\admin-dashboard\app\(admin)\reports\wip\components\WipEmployeeGroups.tsx","45","                <span className=""rounded-full border border-white/10 bg-white/10 px-3 py-1 text-xs font-semibold text-slate-300"">"
"D:\projects\admin-dashboard\app\(admin)\reports\wip\components\WipErrorState.tsx","12","    <main className=""min-h-screen bg-slate-950 px-4 py-6 text-white md:px-6 xl:px-8"">"
"D:\projects\admin-dashboard\app\(admin)\reports\wip\components\WipErrorState.tsx","13","      <div className=""mx-auto max-w-3xl rounded-[2rem] border border-red-300/20 bg-red-400/10 p-6 shadow-2xl shadow-black/30 backdrop-blur-2xl"">"
"D:\projects\admin-dashboard\app\(admin)\reports\wip\components\WipErrorState.tsx","14","        <div className=""mb-4 inline-flex rounded-2xl border border-red-300/20 bg-red-400/10 p-3 text-red-200"">"
"D:\projects\admin-dashboard\app\(admin)\reports\wip\components\WipErrorState.tsx","18","        <h1 className=""text-xl font-bold text-white"">WIP failed to load</h1>"
"D:\projects\admin-dashboard\app\(admin)\reports\wip\components\WipErrorState.tsx","20","        <p className=""mt-2 text-sm text-slate-300"">{message}</p>"
"D:\projects\admin-dashboard\app\(admin)\reports\wip\components\WipErrorState.tsx","25","          className=""mt-5 rounded-2xl border border-white/10 bg-white/10 px-4 py-2 text-sm font-semibold text-white hover:bg-white/15"""
"D:\projects\admin-dashboard\app\(admin)\reports\wip\components\WipFilters.tsx","30","    <section className=""rounded-[2rem] border border-white/10 bg-white/[0.06] p-4 shadow-[0_18px_55px_rgba(0,0,0,0.28)] backdrop-blur-2xl"">"
"D:\projects\admin-dashboard\app\(admin)\reports\wip\components\WipFilters.tsx","34","          <Search className=""pointer-events-none absolute left-4 top-1/2 h-4 w-4 -translate-y-1/2 text-slate-500"" />"
"D:\projects\admin-dashboard\app\(admin)\reports\wip\components\WipFilters.tsx","39","            className=""h-12 w-full rounded-2xl border border-white/10 bg-black/20 pl-11 pr-4 text-sm text-white outline-none transition placeholder:text-slate-500 focus:border-cyan-300/40 focus:ring-2 focus:ring-cyan-300/20"""
"D:\projects\admin-dashboard\app\(admin)\reports\wip\components\WipFilters.tsx","50","            className=""h-12 w-full rounded-2xl border border-white/10 bg-black/20 px-4 text-sm text-white outline-none transition focus:border-cyan-300/40 focus:ring-2 focus:ring-cyan-300/20"""
"D:\projects\admin-dashboard\app\(admin)\reports\wip\components\WipFilters.tsx","53","              <option key={option.value} value={option.value} className=""bg-slate-950"">"
"D:\projects\admin-dashboard\app\(admin)\reports\wip\components\WipFilters.tsx","67","            className=""h-12 w-full rounded-2xl border border-white/10 bg-black/20 px-4 text-sm text-white outline-none transition focus:border-cyan-300/40 focus:ring-2 focus:ring-cyan-300/20"""
"D:\projects\admin-dashboard\app\(admin)\reports\wip\components\WipFilters.tsx","70","              <option key={option.value} value={option.value} className=""bg-slate-950"">"
"D:\projects\admin-dashboard\app\(admin)\reports\wip\components\WipHero.tsx","13","    <section className=""relative overflow-hidden rounded-[2rem] border border-white/10 bg-white/[0.06] p-6 shadow-2xl shadow-black/30 backdrop-blur-2xl"">"
"D:\projects\admin-dashboard\app\(admin)\reports\wip\components\WipHero.tsx","24","          <h1 className=""text-2xl font-bold tracking-tight text-white md:text-3xl"">"
"D:\projects\admin-dashboard\app\(admin)\reports\wip\components\WipHero.tsx","28","          <p className=""mt-2 max-w-3xl text-sm leading-6 text-slate-300"">"
"D:\projects\admin-dashboard\app\(admin)\reports\wip\components\WipHero.tsx","38","            className=""inline-flex items-center gap-2 rounded-2xl border border-white/10 bg-white/10 px-4 py-2 text-sm font-medium text-slate-200 transition hover:bg-white/15"""
"D:\projects\admin-dashboard\app\(admin)\reports\wip\components\WipLoadingState.tsx","5","    <main className=""min-h-screen bg-slate-950 px-4 py-6 text-white md:px-6 xl:px-8"">"
"D:\projects\admin-dashboard\app\(admin)\reports\wip\components\WipLoadingState.tsx","10","            className=""h-28 animate-pulse rounded-[2rem] border border-white/10 bg-white/[0.055]"""
"D:\projects\admin-dashboard\app\(admin)\reports\wip\components\WipStatGrid.tsx","35","      tone: ""text-red-200"","
"D:\projects\admin-dashboard\app\(admin)\reports\wip\components\WipStatGrid.tsx","59","            className=""rounded-[1.5rem] border border-white/10 bg-white/[0.055] p-5 shadow-xl shadow-black/20 backdrop-blur-2xl"""
"D:\projects\admin-dashboard\app\(admin)\reports\wip\components\WipStatGrid.tsx","61","            <div className={`mb-4 inline-flex rounded-2xl border border-white/10 bg-white/10 p-3 ${stat.tone}`}>"
"D:\projects\admin-dashboard\app\(admin)\reports\wip\components\WipStatGrid.tsx","65","            <p className=""text-xs font-medium uppercase tracking-[0.2em] text-slate-500"">"
"D:\projects\admin-dashboard\app\(admin)\reports\wip\components\WipStatGrid.tsx","69","            <p className=""mt-2 text-2xl font-bold text-white"">{stat.value}</p>"
"D:\projects\admin-dashboard\app\(admin)\reports\wip\components\WipStatusBadge.tsx","49","      return ""border-slate-300/20 bg-slate-400/10 text-slate-300"";"
"D:\projects\admin-dashboard\app\(admin)\reports\wip\components\WipStatusBadge.tsx","56","      return ""border-red-300/25 bg-red-400/10 text-red-200"";"
"D:\projects\admin-dashboard\app\(admin)\reports\wip\components\WipStatusBadge.tsx","62","      return ""border-slate-300/20 bg-slate-400/10 text-slate-300"";"
"D:\projects\admin-dashboard\app\(admin)\reports\wip\components\WipTable.tsx","14","    <section className=""rounded-[2rem] border border-white/10 bg-white/[0.055] p-5 shadow-2xl shadow-black/25 backdrop-blur-2xl"">"
"D:\projects\admin-dashboard\app\(admin)\reports\wip\components\WipTable.tsx","21","          <h2 className=""text-lg font-semibold text-white"">WIP Queue</h2>"
"D:\projects\admin-dashboard\app\(admin)\reports\wip\components\WipTable.tsx","22","          <p className=""text-sm text-slate-500"">"
"D:\projects\admin-dashboard\app\(admin)\reports\wip\components\WipTable.tsx","28","      <div className=""overflow-hidden rounded-2xl border border-white/10"">"
"D:\projects\admin-dashboard\app\(admin)\reports\wip\components\WipTable.tsx","30","          <thead className=""bg-black/30 text-xs uppercase tracking-[0.18em] text-slate-500"">"
"D:\projects\admin-dashboard\app\(admin)\reports\wip\components\WipTable.tsx","43","              <tr key={record.id} className=""bg-white/[0.025]"">"
"D:\projects\admin-dashboard\app\(admin)\reports\wip\components\WipTable.tsx","45","                  <p className=""font-medium text-white"">{record.patientName}</p>"
"D:\projects\admin-dashboard\app\(admin)\reports\wip\components\WipTable.tsx","46","                  <p className=""text-xs text-slate-500"">"
"D:\projects\admin-dashboard\app\(admin)\reports\wip\components\WipTable.tsx","50","                <td className=""px-4 py-4 text-slate-300"">{record.assignedTo}</td>"
"D:\projects\admin-dashboard\app\(admin)\reports\wip\components\WipTable.tsx","51","                <td className=""px-4 py-4 text-slate-300"">{record.department}</td>"
"D:\projects\admin-dashboard\app\(admin)\reports\wip\components\WipTable.tsx","52","                <td className=""px-4 py-4 text-slate-300"">{record.daysOpen}</td>"
"D:\projects\admin-dashboard\app\(admin)\reports\wip\components\WipTable.tsx","64","                <td colSpan={6} className=""px-4 py-10 text-center text-slate-500"">"
"D:\projects\admin-dashboard\app\(admin)\reports\wip\page.tsx","41","            <div className=""h-4 w-40 animate-pulse rounded-full bg-white/10"" />"
"D:\projects\admin-dashboard\app\(admin)\reports\wip\page.tsx","42","            <div className=""mt-5 h-10 w-full max-w-xl animate-pulse rounded-2xl bg-white/10"" />"
"D:\projects\admin-dashboard\app\(admin)\reports\wip\page.tsx","43","            <div className=""mt-4 h-4 w-full max-w-2xl animate-pulse rounded-full bg-white/10"" />"
"D:\projects\admin-dashboard\app\(admin)\reports\wip\page.tsx","63","            <p className={cn(typography.body, ""mt-3 max-w-3xl text-white/65"")}>"
"D:\projects\admin-dashboard\app\(admin)\reports\wip\wip-constants.ts","16","  unknown: ""border-slate-400/30 bg-slate-400/10 text-slate-200"","
"D:\projects\admin-dashboard\app\(admin)\reports\reports-config.ts","51","    tone: ""text-blue-200"","
"D:\projects\admin-dashboard\app\(admin)\settings\components\company\RecentActivityCard.tsx","13","          <h3 className=""text-sm font-semibold text-white"">Recent Activity</h3>"
"D:\projects\admin-dashboard\app\(admin)\settings\components\company\RecentActivityCard.tsx","14","          <p className=""text-xs text-slate-500"">Settings audit placeholder</p>"
"D:\projects\admin-dashboard\app\(admin)\settings\components\company\RecentActivityCard.tsx","18","      <div className=""mt-4 rounded-2xl border border-white/10 bg-black/20 p-3"">"
"D:\projects\admin-dashboard\app\(admin)\settings\components\company\RecentActivityCard.tsx","19","        <p className=""text-sm leading-6 text-slate-400"">"
"D:\projects\admin-dashboard\app\(admin)\settings\components\company\RecentActivityCard.tsx","20","          Activity logging should be wired to <span className=""text-slate-200"">auditLogs</span>{"" ""}"
"D:\projects\admin-dashboard\app\(admin)\settings\components\danger\ResetCard.tsx","75","      <div className=""rounded-2xl border border-red-300/20 bg-red-500/10 p-4"">"
"D:\projects\admin-dashboard\app\(admin)\settings\components\danger\ResetCard.tsx","77","          <AlertTriangle className=""mt-0.5 h-5 w-5 shrink-0 text-red-200"" />"
"D:\projects\admin-dashboard\app\(admin)\settings\components\danger\ResetCard.tsx","80","            <p className=""text-sm font-semibold text-red-50"">"
"D:\projects\admin-dashboard\app\(admin)\settings\components\danger\ResetCard.tsx","83","            <p className=""mt-1 text-sm leading-6 text-red-100/80"">"
"D:\projects\admin-dashboard\app\(admin)\settings\components\danger\ResetCard.tsx","84","              Type <span className=""font-bold text-red-50"">{CONFIRM_TEXT}</span>{"" ""}"
"D:\projects\admin-dashboard\app\(admin)\settings\components\danger\ResetCard.tsx","96","          className=""mt-4 w-full rounded-2xl border border-red-300/20 bg-black/30 px-4 py-3 text-sm text-red-50 outline-none placeholder:text-red-200/30 focus:border-red-200/50"""
"D:\projects\admin-dashboard\app\(admin)\settings\components\danger\ResetCard.tsx","106","          <p className=""mt-3 rounded-xl border border-red-300/20 bg-red-950/40 px-3 py-2 text-sm text-red-100"">"
"D:\projects\admin-dashboard\app\(admin)\settings\components\shared\Field.tsx","26","        <span className=""text-xs font-medium uppercase tracking-[0.16em] text-slate-400"">"
"D:\projects\admin-dashboard\app\(admin)\settings\components\shared\Field.tsx","46","      <span className=""text-xs font-medium uppercase tracking-[0.16em] text-slate-400"">"
"D:\projects\admin-dashboard\app\(admin)\settings\components\shared\InfoCard.tsx","13","      <h3 className=""text-sm font-semibold text-white"">{title}</h3>"
"D:\projects\admin-dashboard\app\(admin)\settings\components\shared\InfoCard.tsx","16","        <p className=""mt-2 text-sm leading-6 text-slate-400"">{description}</p>"
"D:\projects\admin-dashboard\app\(admin)\settings\components\shared\SectionHeader.tsx","25","        <h2 className=""mt-1 text-xl font-semibold tracking-tight text-white"">"
"D:\projects\admin-dashboard\app\(admin)\settings\components\shared\SectionHeader.tsx","30","          <p className=""mt-2 max-w-3xl text-sm leading-6 text-slate-400"">"
"D:\projects\admin-dashboard\app\(admin)\settings\components\shared\StatusPill.tsx","8","    neutral: ""border-white/10 bg-white/[0.06] text-slate-200"","
"D:\projects\admin-dashboard\app\(admin)\settings\components\shared\StatusPill.tsx","11","    danger: ""border-red-300/20 bg-red-500/10 text-red-100"","
"D:\projects\admin-dashboard\app\(admin)\settings\components\shared\ToggleRow.tsx","15","    <div className=""flex items-start justify-between gap-4 rounded-2xl border border-white/10 bg-black/20 p-4"">"
"D:\projects\admin-dashboard\app\(admin)\settings\components\shared\ToggleRow.tsx","17","        <p className=""text-sm font-semibold text-white"">{title}</p>"
"D:\projects\admin-dashboard\app\(admin)\settings\components\shared\ToggleRow.tsx","18","        <p className=""mt-1 text-sm leading-6 text-slate-400"">"
"D:\projects\admin-dashboard\app\(admin)\settings\components\shared\ToggleRow.tsx","34","            : ""border-white/10 bg-slate-800"","
"D:\projects\admin-dashboard\app\(admin)\settings\components\shared\ToggleRow.tsx","40","            ""absolute top-0.5 h-5 w-5 rounded-full bg-white shadow transition"","
"D:\projects\admin-dashboard\app\(admin)\settings\components\users\UserCreateCard.tsx","54","          <span className=""text-xs font-medium uppercase tracking-[0.16em] text-slate-400"">"
"D:\projects\admin-dashboard\app\(admin)\settings\components\users\UserCreateCard.tsx","68","            className=""mt-2 h-11 w-full rounded-2xl border border-white/10 bg-black/30 px-4 text-sm text-white outline-none transition focus:border-cyan-300/60 focus:ring-4 focus:ring-cyan-400/10"""
"D:\projects\admin-dashboard\app\(admin)\settings\components\users\UserCreateCard.tsx","74","                className=""bg-slate-950"""
"D:\projects\admin-dashboard\app\(admin)\settings\components\users\UserRow.tsx","23","    <tr className=""border-b border-white/10 transition hover:bg-white/[0.035]"">"
"D:\projects\admin-dashboard\app\(admin)\settings\components\users\UserRow.tsx","25","        <p className=""font-semibold text-white"">"
"D:\projects\admin-dashboard\app\(admin)\settings\components\users\UserRow.tsx","28","        <p className=""mt-1 text-xs text-slate-500"">{user.email || ""No email""}</p>"
"D:\projects\admin-dashboard\app\(admin)\settings\components\users\UserRow.tsx","38","          className=""h-10 rounded-2xl border border-white/10 bg-black/30 px-3 text-sm text-white outline-none transition focus:border-cyan-300/60 focus:ring-4 focus:ring-cyan-400/10"""
"D:\projects\admin-dashboard\app\(admin)\settings\components\users\UserRow.tsx","44","              className=""bg-slate-950"""
"D:\projects\admin-dashboard\app\(admin)\settings\components\users\UserRow.tsx","59","          className=""h-10 rounded-2xl border border-white/10 bg-black/30 px-3 text-sm text-white outline-none transition focus:border-cyan-300/60 focus:ring-4 focus:ring-cyan-400/10"""
"D:\projects\admin-dashboard\app\(admin)\settings\components\users\UserRow.tsx","65","              className=""bg-slate-950"""
"D:\projects\admin-dashboard\app\(admin)\settings\components\users\UsersTable.tsx","17","      <div className=""rounded-3xl border border-dashed border-white/10 bg-black/20 px-6 py-12 text-center"">"
"D:\projects\admin-dashboard\app\(admin)\settings\components\users\UsersTable.tsx","18","        <p className=""font-semibold text-white"">No users found</p>"
"D:\projects\admin-dashboard\app\(admin)\settings\components\users\UsersTable.tsx","19","        <p className=""mt-2 text-sm text-slate-400"">"
"D:\projects\admin-dashboard\app\(admin)\settings\components\users\UsersTable.tsx","28","    <div className=""overflow-hidden rounded-3xl border border-white/10"">"
"D:\projects\admin-dashboard\app\(admin)\settings\components\users\UsersTable.tsx","30","        <thead className=""bg-white/[0.045] text-xs uppercase tracking-[0.16em] text-slate-500"">"
"D:\projects\admin-dashboard\app\(admin)\settings\components\MessageCard.tsx","15","      icon: <AlertTriangle className=""h-5 w-5 text-red-200"" />,"
"D:\projects\admin-dashboard\app\(admin)\settings\components\MessageCard.tsx","16","      className: ""border-red-300/20 bg-red-500/10 text-red-50"","
"D:\projects\admin-dashboard\app\(admin)\settings\components\MessageCard.tsx","27","        ""flex items-start gap-3 rounded-3xl border p-4 text-sm shadow-2xl shadow-black/20 backdrop-blur-xl"","
"D:\projects\admin-dashboard\app\(admin)\settings\components\PageHeader.tsx","19","          <h1 className=""mt-2 text-3xl font-bold tracking-tight text-white"">"
"D:\projects\admin-dashboard\app\(admin)\settings\components\PageHeader.tsx","23","          <p className=""mt-2 max-w-3xl text-sm leading-6 text-slate-400"">"
"D:\projects\admin-dashboard\app\(admin)\settings\components\TabBar.tsx","33","                  : ""border border-transparent text-slate-400 hover:bg-white/[0.06] hover:text-slate-100"","
"D:\projects\admin-dashboard\app\(admin)\settings\styles\glass.ts","2","  ""rounded-3xl border border-white/10 bg-white/[0.055] shadow-2xl shadow-black/30 backdrop-blur-2xl supports-[backdrop-filter]:bg-white/[0.045]"";"
"D:\projects\admin-dashboard\app\(admin)\settings\styles\glass.ts","5","  ""rounded-2xl border border-white/10 bg-black/25 backdrop-blur-xl"";"
"D:\projects\admin-dashboard\app\(admin)\settings\styles\glass.ts","8","  ""h-11 w-full rounded-2xl border border-white/10 bg-black/30 px-4 text-sm text-white outline-none transition placeholder:text-slate-600 focus:border-cyan-300/60 focus:bg-black/40 focus:ring-4 focus:ring-cyan-400/10"";"
"D:\projects\admin-dashboard\app\(admin)\settings\styles\glass.ts","11","  ""w-full resize-none rounded-2xl border border-white/10 bg-black/30 px-4 py-3 text-sm text-white outline-none transition placeholder:text-slate-600 focus:border-cyan-300/60 focus:bg-black/40 focus:ring-4 focus:ring-cyan-400/10"";"
"D:\projects\admin-dashboard\app\(admin)\settings\styles\glass.ts","14","  ""inline-flex h-10 items-center justify-center gap-2 rounded-2xl border border-white/10 bg-white/[0.05] px-4 text-sm font-semibold text-slate-200 transition hover:bg-white/[0.09] disabled:cursor-not-allowed disabled:opacity-50"";"
"D:\projects\admin-dashboard\app\(admin)\settings\styles\glass.ts","17","  ""inline-flex h-10 items-center justify-center gap-2 rounded-2xl bg-cyan-300 px-4 text-sm font-bold text-slate-950 shadow-lg shadow-cyan-950/30 transition hover:bg-cyan-200 disabled:cursor-not-allowed disabled:opacity-60"";"
"D:\projects\admin-dashboard\app\(admin)\settings\styles\glass.ts","20","  ""inline-flex h-10 items-center justify-center gap-2 rounded-2xl border border-red-300/20 bg-red-500/10 px-4 text-sm font-semibold text-red-100 transition hover:bg-red-500/15 disabled:cursor-not-allowed disabled:opacity-50"";"
"D:\projects\admin-dashboard\app\(admin)\settings\page.tsx","83","              <div className={""inline-flex items-center gap-2 rounded-full border border-white/10 bg-white/10 px-3 py-1 text-xs font-semibold uppercase tracking-[0.18em] text-slate-200 shadow-sm backdrop-blur-xl""}>"
"D:\projects\admin-dashboard\app\(admin)\settings\page.tsx","93","                <p className=""mt-3 max-w-3xl text-sm leading-7 text-slate-300"">"
"D:\projects\admin-dashboard\app\(admin)\settings\page.tsx","107","                className={""inline-flex items-center justify-center gap-2 rounded-2xl border border-white/10 bg-transparent px-4 py-2 text-sm font-semibold text-slate-300 transition hover:bg-white/10 hover:text-white disabled:cursor-not-allowed disabled:opacity-50""}"
"D:\projects\admin-dashboard\app\(admin)\settings\page.tsx","117","                className={""inline-flex items-center justify-center gap-2 rounded-2xl bg-cyan-300 px-5 py-3 text-sm font-bold text-slate-950 shadow-lg shadow-cyan-500/20 transition hover:bg-cyan-200 disabled:cursor-not-allowed disabled:opacity-50""}"
"D:\projects\admin-dashboard\app\(admin)\settings\page.tsx","145","              <div className=""flex items-center gap-3 text-sm text-slate-300"">"
"D:\projects\admin-dashboard\app\(admin)\users\components\CreateUserPanel.tsx","26","    <section className=""rounded-3xl border border-white/10 bg-white/[0.06] p-6 shadow-2xl shadow-black/30 backdrop-blur-2xl"">"
"D:\projects\admin-dashboard\app\(admin)\users\components\CreateUserPanel.tsx","29","        <h2 className=""text-xl font-semibold text-white"">Create User</h2>"
"D:\projects\admin-dashboard\app\(admin)\users\components\CreateUserPanel.tsx","97","          className=""inline-flex items-center gap-2 rounded-2xl bg-white px-5 py-3 text-sm font-semibold text-black transition hover:bg-zinc-200 disabled:cursor-not-allowed disabled:opacity-60"""
"D:\projects\admin-dashboard\app\(admin)\users\components\CreateUserPanel.tsx","112","          className=""rounded-2xl border border-white/10 px-5 py-3 text-sm font-medium text-white transition hover:bg-white/10"""
"D:\projects\admin-dashboard\app\(admin)\users\components\SelectInput.tsx","22","      <label htmlFor={selectId} className=""mb-2 block text-sm text-zinc-400"">"
"D:\projects\admin-dashboard\app\(admin)\users\components\SelectInput.tsx","32","        className=""w-full rounded-2xl border border-white/10 bg-black/50 px-4 py-3 text-sm text-white outline-none transition focus:border-white/30 focus:bg-black/70"""
"D:\projects\admin-dashboard\app\(admin)\users\components\TextInput.tsx","26","      <label htmlFor={inputId} className=""mb-2 block text-sm text-zinc-400"">"
"D:\projects\admin-dashboard\app\(admin)\users\components\TextInput.tsx","39","        className=""w-full rounded-2xl border border-white/10 bg-black/50 px-4 py-3 text-sm text-white outline-none placeholder:text-zinc-500 transition focus:border-white/30 focus:bg-black/70"""
"D:\projects\admin-dashboard\app\(admin)\users\components\UserDirectory.tsx","35","    <section className=""overflow-hidden rounded-3xl border border-white/10 bg-white/[0.06] shadow-2xl shadow-black/30 backdrop-blur-2xl"">"
"D:\projects\admin-dashboard\app\(admin)\users\components\UserDirectory.tsx","36","      <div className=""sticky top-0 z-10 border-b border-white/10 bg-zinc-950/80 px-5 py-4 backdrop-blur-2xl"">"
"D:\projects\admin-dashboard\app\(admin)\users\components\UserDirectory.tsx","37","        <h2 className=""text-lg font-semibold text-white"">User Directory</h2>"
"D:\projects\admin-dashboard\app\(admin)\users\components\UserDirectory.tsx","38","        <p className=""mt-1 text-sm text-zinc-400"">"
"D:\projects\admin-dashboard\app\(admin)\users\components\UserDirectory.tsx","45","        <div className=""flex items-center gap-3 px-5 py-10 text-zinc-400"">"
"D:\projects\admin-dashboard\app\(admin)\users\components\UserDirectory.tsx","50","        <div className=""px-5 py-10 text-sm text-zinc-400"">No users found.</div>"
"D:\projects\admin-dashboard\app\(admin)\users\components\UserDirectory.tsx","68","        <div className=""border-t border-white/10 px-5 py-5"">"
"D:\projects\admin-dashboard\app\(admin)\users\components\UserDirectory.tsx","75","            className=""inline-flex items-center gap-2 rounded-2xl border border-white/10 px-5 py-3 text-sm font-medium text-white transition hover:bg-white/10 disabled:cursor-not-allowed disabled:opacity-60"""
"D:\projects\admin-dashboard\app\(admin)\users\components\UserRowCard.tsx","38","    <article className=""grid gap-4 px-5 py-5 transition hover:bg-white/[0.03] xl:grid-cols-[2fr_1fr_1fr_1.2fr]"">"
"D:\projects\admin-dashboard\app\(admin)\users\components\UserRowCard.tsx","41","          <p className=""truncate text-base font-semibold text-white"">"
"D:\projects\admin-dashboard\app\(admin)\users\components\UserRowCard.tsx","48","                ? ""bg-blue-500/15 text-blue-300"""
"D:\projects\admin-dashboard\app\(admin)\users\components\UserRowCard.tsx","49","                : ""bg-zinc-800 text-zinc-300"""
"D:\projects\admin-dashboard\app\(admin)\users\components\UserRowCard.tsx","59","                : ""bg-red-500/15 text-red-300"""
"D:\projects\admin-dashboard\app\(admin)\users\components\UserRowCard.tsx","72","        <p className=""mt-2 break-all text-sm text-zinc-300"">"
"D:\projects\admin-dashboard\app\(admin)\users\components\UserRowCard.tsx","76","        <p className=""mt-1 break-all text-xs text-zinc-500"">UID: {user.uid}</p>"
"D:\projects\admin-dashboard\app\(admin)\users\components\UserRowCard.tsx","78","        <div className=""mt-3 grid gap-2 text-xs text-zinc-500 md:grid-cols-2"">"
"D:\projects\admin-dashboard\app\(admin)\users\components\UserRowCard.tsx","87","        <p className=""mb-2 text-xs uppercase tracking-wide text-zinc-500"">"
"D:\projects\admin-dashboard\app\(admin)\users\components\UserRowCard.tsx","92","          <Shield className=""h-4 w-4 text-zinc-500"" />"
"D:\projects\admin-dashboard\app\(admin)\users\components\UserRowCard.tsx","107","            className=""w-full rounded-2xl border border-white/10 bg-black/50 px-3 py-2 text-sm text-white outline-none transition focus:border-white/30 disabled:cursor-not-allowed disabled:opacity-60"""
"D:\projects\admin-dashboard\app\(admin)\users\components\UserRowCard.tsx","116","        <p className=""mb-2 text-xs uppercase tracking-wide text-zinc-500"">"
"D:\projects\admin-dashboard\app\(admin)\users\components\UserRowCard.tsx","134","              ? ""border border-red-500/20 bg-red-500/10 text-red-300 hover:bg-red-500/15"""
"D:\projects\admin-dashboard\app\(admin)\users\components\UserRowCard.tsx","150","        <p className=""mb-2 text-xs uppercase tracking-wide text-zinc-500"">"
"D:\projects\admin-dashboard\app\(admin)\users\components\UserRowCard.tsx","165","            className=""inline-flex items-center gap-2 rounded-2xl border border-white/10 px-4 py-2.5 text-sm text-white transition hover:bg-white/10 disabled:cursor-not-allowed disabled:opacity-60"""
"D:\projects\admin-dashboard\app\(admin)\users\components\UserRowCard.tsx","181","            className=""inline-flex items-center gap-2 rounded-2xl border border-red-500/20 bg-red-500/10 px-4 py-2.5 text-sm text-red-300 transition hover:bg-red-500/15 disabled:cursor-not-allowed disabled:opacity-50"""
"D:\projects\admin-dashboard\app\(admin)\users\components\UserRowCard.tsx","189","          <p className=""mt-2 text-xs text-zinc-500"">"
"D:\projects\admin-dashboard\app\(admin)\users\components\UsersFilters.tsx","25","    <section className=""rounded-3xl border border-white/10 bg-white/[0.06] p-5 shadow-2xl shadow-black/30 backdrop-blur-2xl"">"
"D:\projects\admin-dashboard\app\(admin)\users\components\UsersFilters.tsx","28","          <label htmlFor=""user-search"" className=""mb-2 block text-sm text-zinc-400"">"
"D:\projects\admin-dashboard\app\(admin)\users\components\UsersFilters.tsx","32","          <div className=""flex items-center gap-2 rounded-2xl border border-white/10 bg-black/50 px-4 py-3"">"
"D:\projects\admin-dashboard\app\(admin)\users\components\UsersFilters.tsx","33","            <Search className=""h-4 w-4 text-zinc-500"" />"
"D:\projects\admin-dashboard\app\(admin)\users\components\UsersFilters.tsx","43","              className=""w-full bg-transparent text-sm text-white outline-none placeholder:text-zinc-500"""
"D:\projects\admin-dashboard\app\(admin)\users\components\UsersHeader.tsx","15","    <section className=""rounded-3xl border border-white/10 bg-white/[0.06] p-6 shadow-2xl shadow-black/30 backdrop-blur-2xl"">"
"D:\projects\admin-dashboard\app\(admin)\users\components\UsersHeader.tsx","18","          <h1 className=""flex items-center gap-3 text-3xl font-semibold tracking-tight text-white"">"
"D:\projects\admin-dashboard\app\(admin)\users\components\UsersHeader.tsx","23","          <p className=""mt-2 text-sm text-zinc-400"">"
"D:\projects\admin-dashboard\app\(admin)\users\components\UsersHeader.tsx","37","          className=""inline-flex items-center justify-center gap-2 rounded-2xl border border-white/10 bg-white/10 px-4 py-3 text-sm font-medium text-white shadow-lg shadow-black/20 transition hover:bg-white/15"""
"D:\projects\admin-dashboard\app\(admin)\users\components\UsersStats.tsx","23","    <div className=""rounded-3xl border border-white/10 bg-white/[0.06] p-5 shadow-xl shadow-black/20 backdrop-blur-2xl"">"
"D:\projects\admin-dashboard\app\(admin)\users\components\UsersStats.tsx","24","      <p className=""text-xs uppercase tracking-wide text-zinc-400"">{label}</p>"
"D:\projects\admin-dashboard\app\(admin)\users\components\UsersStats.tsx","25","      <p className=""mt-2 text-3xl font-semibold text-white"">"
"D:\projects\admin-dashboard\app\(admin)\users\page.tsx","453","            <div className=""relative flex items-center gap-3 p-6 text-slate-300"">"
"D:\projects\admin-dashboard\app\(admin)\users\page.tsx","476","          <div className=""rounded-3xl border border-red-500/20 bg-red-500/10 px-6 py-5 text-sm text-red-300 shadow-[0_0_35px_rgba(239,68,68,0.18)]"">"
"D:\projects\admin-dashboard\app\(admin)\users\page.tsx","494","              <div className={""inline-flex items-center gap-2 rounded-full border border-white/10 bg-white/10 px-3 py-1 text-xs font-semibold uppercase tracking-[0.18em] text-slate-200 shadow-sm backdrop-blur-xl""}>"
"D:\projects\admin-dashboard\app\(admin)\users\page.tsx","506","                <p className=""mt-3 max-w-3xl text-sm leading-7 text-slate-300"">"
"D:\projects\admin-dashboard\app\(admin)\users\page.tsx","526","                <div className={""flex h-12 w-12 items-center justify-center rounded-2xl border border-white/10 bg-white/10 text-cyan-200 shadow-lg shadow-cyan-500/10 backdrop-blur-xl""}>"
"D:\projects\admin-dashboard\app\(admin)\users\page.tsx","532","                    <p className=""text-sm font-semibold text-white"">"
"D:\projects\admin-dashboard\app\(admin)\users\page.tsx","536","                    <span className={""inline-flex items-center gap-2 rounded-full border border-white/10 bg-white/10 px-3 py-1 text-xs font-semibold uppercase tracking-[0.18em] text-slate-200 shadow-sm backdrop-blur-xl""}>"
"D:\projects\admin-dashboard\app\(admin)\users\page.tsx","543","                  <p className=""mt-1 text-xs text-slate-500"">"
"D:\projects\admin-dashboard\app\(admin)\users\page.tsx","555","                className={`${""inline-flex items-center justify-center gap-2 rounded-2xl border border-white/10 bg-transparent px-4 py-2 text-sm font-semibold text-slate-300 transition hover:bg-white/10 hover:text-white disabled:cursor-not-allowed disabled:opacity-50""} mt-4 w-full`}"
"D:\projects\admin-dashboard\app\(admin)\users\page.tsx","669","        <div className=""flex items-center gap-2 text-xs text-slate-500"">"
"D:\projects\admin-dashboard\app\(admin)\layout.tsx","68","            className=""sr-only focus:not-sr-only focus:fixed focus:left-4 focus:top-4 focus:z-[100] focus:rounded-xl focus:bg-white focus:px-4 focus:py-2 focus:text-sm focus:font-semibold focus:text-black"""
"D:\projects\admin-dashboard\app\(admin)\layout.tsx","86","                      className={`${glass.focus} inline-flex items-center gap-2 rounded-xl border ${colors.border} bg-white/5 px-3 py-2 text-sm font-medium ${colors.textPrimary} transition hover:bg-white/10 lg:hidden`}"
"D:\projects\admin-dashboard\app\(admin)\layout.tsx","108","                      className={`${glass.focus} inline-flex items-center gap-2 rounded-xl border ${colors.borderStrong} bg-white/5 px-4 py-2 text-sm font-medium ${colors.textPrimary} transition hover:bg-white/10 disabled:cursor-not-allowed disabled:opacity-60`}"
"D:\projects\admin-dashboard\app\components\admin\AdminBreadcrumbs.tsx","21","      className=""mt-0.5 flex items-center gap-1 text-xs text-white/50"""
"D:\projects\admin-dashboard\app\components\admin\AdminBreadcrumbs.tsx","25","        className=""inline-flex items-center gap-1 transition hover:text-white"""
"D:\projects\admin-dashboard\app\components\admin\AdminBreadcrumbs.tsx","39","              <Link href={href} className=""transition hover:text-white"">"
"D:\projects\admin-dashboard\app\components\admin\AdminCommandPalette.tsx","56","        className=""hidden rounded-xl border border-white/10 bg-white/5 p-2 text-white transition hover:bg-white/10 md:inline-flex"""
"D:\projects\admin-dashboard\app\components\admin\AdminCommandPalette.tsx","62","        <div className=""fixed inset-0 z-[200] bg-black/60 px-4 py-20 backdrop-blur-sm"">"
"D:\projects\admin-dashboard\app\components\admin\AdminCommandPalette.tsx","63","          <div className=""mx-auto max-w-xl overflow-hidden rounded-3xl border border-white/10 bg-slate-950 shadow-2xl shadow-black/50"">"
"D:\projects\admin-dashboard\app\components\admin\AdminCommandPalette.tsx","64","            <div className=""flex items-center gap-3 border-b border-white/10 px-4 py-3"">"
"D:\projects\admin-dashboard\app\components\admin\AdminCommandPalette.tsx","74","                className=""min-w-0 flex-1 bg-transparent text-sm text-white outline-none placeholder:text-white/35"""
"D:\projects\admin-dashboard\app\components\admin\AdminCommandPalette.tsx","82","                className=""rounded-xl p-2 text-white/60 transition hover:bg-white/10 hover:text-white"""
"D:\projects\admin-dashboard\app\components\admin\AdminCommandPalette.tsx","97","                  className=""block rounded-2xl px-4 py-3 text-sm text-white transition hover:bg-white/10"""
"D:\projects\admin-dashboard\app\components\admin\AdminCommandPalette.tsx","104","                <div className=""px-4 py-8 text-center text-sm text-white/45"">"
"D:\projects\admin-dashboard\app\components\admin\AdminGlobalSearch.tsx","49","        className=""pointer-events-none absolute left-3 top-1/2 h-4 w-4 -translate-y-1/2 text-white/35"""
"D:\projects\admin-dashboard\app\components\admin\AdminGlobalSearch.tsx","62","        className=""w-full rounded-2xl border border-white/10 bg-white/[0.055] py-2.5 pl-10 pr-4 text-sm text-white outline-none transition placeholder:text-white/35 focus:border-sky-300/40 focus:bg-white/[0.08]"""
"D:\projects\admin-dashboard\app\components\admin\AdminGlobalSearch.tsx","66","        <div className=""absolute left-0 right-0 top-full z-50 mt-2 overflow-hidden rounded-2xl border border-white/10 bg-slate-950/95 shadow-2xl shadow-black/40 backdrop-blur-2xl"">"
"D:\projects\admin-dashboard\app\components\admin\AdminGlobalSearch.tsx","72","              className=""block border-b border-white/5 px-4 py-3 text-sm text-white transition last:border-b-0 hover:bg-white/10"""
"D:\projects\admin-dashboard\app\components\admin\AdminGlobalSearch.tsx","75","              <span className=""ml-2 text-xs text-white/45"">{route.href}</span>"
"D:\projects\admin-dashboard\app\components\admin\AdminNotifications.tsx","32","        className=""relative rounded-xl border border-white/10 bg-white/5 p-2 text-white transition hover:bg-white/10"""
"D:\projects\admin-dashboard\app\components\admin\AdminNotifications.tsx","37","          <span className=""absolute -right-1 -top-1 h-2.5 w-2.5 rounded-full bg-red-400 ring-2 ring-slate-950"" />"
"D:\projects\admin-dashboard\app\components\admin\AdminNotifications.tsx","42","        <div className=""absolute right-0 top-full z-50 mt-2 w-80 overflow-hidden rounded-2xl border border-white/10 bg-slate-950/95 shadow-2xl shadow-black/40 backdrop-blur-2xl"">"
"D:\projects\admin-dashboard\app\components\admin\AdminNotifications.tsx","43","          <div className=""border-b border-white/10 px-4 py-3 text-sm font-semibold text-white"">"
"D:\projects\admin-dashboard\app\components\admin\AdminNotifications.tsx","52","              className=""flex gap-3 border-b border-white/5 px-4 py-3 transition last:border-b-0 hover:bg-white/10"""
"D:\projects\admin-dashboard\app\components\admin\AdminNotifications.tsx","56","                <span className=""block text-sm font-medium text-white"">"
"D:\projects\admin-dashboard\app\components\admin\AdminNotifications.tsx","59","                <span className=""mt-1 block text-xs leading-5 text-white/50"">"
"D:\projects\admin-dashboard\app\components\admin\AdminPageHeader.tsx","18","    <header className=""relative mb-6 overflow-hidden rounded-[2rem] border border-white/10 bg-white/[0.035] p-5 shadow-[0_20px_70px_rgba(0,0,0,0.35),0_0_38px_rgba(34,211,238,0.07)] backdrop-blur-xl sm:p-6"">"
"D:\projects\admin-dashboard\app\components\admin\AdminProfileMenu.tsx","29","        className=""inline-flex items-center gap-2 rounded-xl border border-white/10 bg-white/5 px-3 py-2 text-sm text-white transition hover:bg-white/10"""
"D:\projects\admin-dashboard\app\components\admin\AdminProfileMenu.tsx","38","        <div className=""absolute right-0 top-full z-50 mt-2 w-72 overflow-hidden rounded-2xl border border-white/10 bg-slate-950/95 shadow-2xl shadow-black/40 backdrop-blur-2xl"">"
"D:\projects\admin-dashboard\app\components\admin\AdminProfileMenu.tsx","39","          <div className=""border-b border-white/10 px-4 py-3"">"
"D:\projects\admin-dashboard\app\components\admin\AdminProfileMenu.tsx","40","            <div className=""text-sm font-semibold text-white"">"
"D:\projects\admin-dashboard\app\components\admin\AdminProfileMenu.tsx","43","            <div className=""mt-1 truncate text-xs text-white/50"">{userEmail}</div>"
"D:\projects\admin-dashboard\app\components\admin\AdminProfileMenu.tsx","49","            className=""flex items-center gap-2 border-b border-white/5 px-4 py-3 text-sm text-white transition hover:bg-white/10"""
"D:\projects\admin-dashboard\app\components\admin\AdminProfileMenu.tsx","51","            <Settings className=""h-4 w-4 text-white/50"" aria-hidden=""true"" />"
"D:\projects\admin-dashboard\app\components\admin\AdminProfileMenu.tsx","59","            className=""flex w-full items-center gap-2 px-4 py-3 text-left text-sm text-red-200 transition hover:bg-red-500/10 disabled:cursor-not-allowed disabled:opacity-60"""
"D:\projects\admin-dashboard\app\components\admin\AdminShell.tsx","47","    <div className=""min-h-screen bg-[#07090d] text-white antialiased"">"
"D:\projects\admin-dashboard\app\components\admin\AdminShell.tsx","50","        className=""sr-only focus:not-sr-only focus:fixed focus:left-4 focus:top-4 focus:z-[100] focus:rounded-xl focus:bg-white focus:px-4 focus:py-2 focus:text-sm focus:font-semibold focus:text-black focus:outline-none focus:ring-2 focus:ring-white/40"""
"D:\projects\admin-dashboard\app\components\admin\AdminShell.tsx","64","            className=""min-w-0 flex-1 overflow-x-hidden bg-[#07090d] outline-none"""
"D:\projects\admin-dashboard\app\components\admin\AdminShellTopbar.tsx","49","            className={`${glass.focus} inline-flex h-10 w-10 shrink-0 items-center justify-center rounded-2xl border ${colors.border} bg-white/[0.06] ${colors.textSecondary} transition hover:bg-white/[0.12] lg:hidden`}"
"D:\projects\admin-dashboard\app\components\admin\AdminShellTopbar.tsx","66","          <div className={`flex w-full max-w-md items-center gap-2 rounded-2xl border ${colors.border} bg-white/[0.06] px-3 py-2 text-sm ${colors.textMuted} shadow-inner backdrop-blur-xl transition-colors`}>"
"D:\projects\admin-dashboard\app\components\admin\AdminShellTopbar.tsx","67","            <Search className=""h-4 w-4 shrink-0 text-slate-500"" />"
"D:\projects\admin-dashboard\app\components\admin\AdminShellTopbar.tsx","80","          <div className={`hidden max-w-[220px] items-center gap-2 rounded-2xl border ${colors.border} bg-white/[0.06] px-3 py-2 text-xs ${colors.textSecondary} sm:flex`}>"
"D:\projects\admin-dashboard\app\components\admin\AdminShellTopbar.tsx","81","            <UserRound className=""h-4 w-4 shrink-0 text-slate-400"" />"
"D:\projects\admin-dashboard\app\components\admin\AdminShellTopbar.tsx","90","            className={`${glass.focus} inline-flex h-10 w-10 shrink-0 items-center justify-center rounded-2xl border ${colors.border} bg-white/[0.06] ${colors.textSecondary} transition hover:bg-white/[0.12]`}"
"D:\projects\admin-dashboard\app\components\admin\AdminShellTopbar.tsx","100","            className={`${glass.focus} inline-flex h-10 shrink-0 items-center justify-center gap-2 rounded-2xl border border-red-300/20 bg-red-500/10 px-3 text-sm font-semibold text-red-200 transition hover:bg-red-500/20 disabled:cursor-not-allowed disabled:opacity-50`}"
"D:\projects\admin-dashboard\app\components\admin\AdminSidebar.tsx","206","        className=""hidden w-64 shrink-0 border-r border-white/10 bg-neutral-950 text-white lg:fixed lg:inset-y-0 lg:left-0 lg:z-30 lg:flex"""
"D:\projects\admin-dashboard\app\components\admin\AdminSidebar.tsx","222","            className=""absolute inset-0 bg-black/75 backdrop-blur-sm"""
"D:\projects\admin-dashboard\app\components\admin\AdminSidebar.tsx","227","            className=""absolute inset-y-0 left-0 flex w-72 max-w-[85vw] flex-col border-r border-white/10 bg-neutral-950 text-white shadow-2xl"""
"D:\projects\admin-dashboard\app\components\admin\AdminSidebar.tsx","229","            <div className=""flex items-center justify-between border-b border-white/10 px-4 py-4"">"
"D:\projects\admin-dashboard\app\components\admin\AdminSidebar.tsx","234","                <div className=""text-xs text-neutral-500"">"
"D:\projects\admin-dashboard\app\components\admin\AdminSidebar.tsx","244","                className=""rounded-xl border border-white/10 bg-white/5 p-2 text-white transition hover:border-white/20 hover:bg-white/10 focus:outline-none focus:ring-2 focus:ring-white/30"""
"D:\projects\admin-dashboard\app\components\admin\AdminSidebar.tsx","280","      <div className=""mb-4 rounded-3xl border border-white/10 bg-black/50 px-4 py-5 shadow-lg shadow-black/20"">"
"D:\projects\admin-dashboard\app\components\admin\AdminSidebar.tsx","281","        <div className=""text-xs uppercase tracking-[0.24em] text-neutral-500"">"
"D:\projects\admin-dashboard\app\components\admin\AdminSidebar.tsx","289","        <div className=""mt-2 text-sm leading-5 text-neutral-400"">"
"D:\projects\admin-dashboard\app\components\admin\AdminSidebar.tsx","345","      <div className=""mb-2 px-3 text-[11px] font-semibold uppercase tracking-[0.2em] text-neutral-500"">"
"D:\projects\admin-dashboard\app\components\admin\AdminSidebar.tsx","363","                  ? ""border-white/20 bg-white/15 text-white shadow-md shadow-black/20"""
"D:\projects\admin-dashboard\app\components\admin\AdminSidebar.tsx","364","                  : ""border-white/5 bg-black/20 text-neutral-300 hover:border-white/20 hover:bg-white/10 hover:text-white"","
"D:\projects\admin-dashboard\app\components\admin\AdminSidebar.tsx","371","                    ? ""border-white/20 bg-white/15 text-white"""
"D:\projects\admin-dashboard\app\components\admin\AdminSidebar.tsx","372","                    : ""border-white/10 bg-white/5 text-neutral-400 group-hover:border-white/20 group-hover:bg-white/10 group-hover:text-white"","
"D:\projects\admin-dashboard\app\components\admin\AdminSidebar.tsx","381","                <span className=""rounded-full border border-red-500/20 bg-red-500/10 px-2 py-0.5 text-[10px] text-red-300"">"
"D:\projects\admin-dashboard\app\components\admin\AdminSidebar.tsx","385","                <span aria-hidden className=""h-2 w-2 rounded-full bg-white"" />"
"D:\projects\admin-dashboard\app\components\admin\AdminSidebar.tsx","389","                  className=""h-2 w-2 rounded-full bg-transparent transition group-hover:bg-white/40"""
"D:\projects\admin-dashboard\app\components\admin\AdminSystemAlerts.tsx","37","          className=""rounded-lg p-1 text-amber-100/70 transition hover:bg-white/10 hover:text-amber-100"""
"D:\projects\admin-dashboard\app\components\auth\AuthGuard.tsx","130","          <div className=""flex min-h-screen items-center justify-center bg-[#020617] px-4 text-white"">"
"D:\projects\admin-dashboard\app\components\auth\AuthGuard.tsx","131","            <div className=""rounded-3xl border border-white/10 bg-white/[0.06] px-6 py-4 text-sm text-zinc-300 shadow-2xl shadow-black/30 backdrop-blur-2xl"">"
"D:\projects\admin-dashboard\app\components\auth\AuthGuard.tsx","142","      <main className=""flex min-h-screen items-center justify-center bg-[#07090d] p-6 text-white"">"
"D:\projects\admin-dashboard\app\components\auth\AuthGuard.tsx","143","        <section className=""w-full max-w-md rounded-3xl border border-red-500/20 bg-red-950/20 p-8 text-red-200 shadow-2xl shadow-black/40"">"
"D:\projects\admin-dashboard\app\components\auth\AuthGuard.tsx","145","            <div className=""rounded-2xl border border-red-500/20 bg-red-500/10 p-3"">"
"D:\projects\admin-dashboard\app\components\auth\AuthGuard.tsx","150","              <h1 className=""text-xl font-semibold text-white"">"
"D:\projects\admin-dashboard\app\components\auth\StaffOrAdmin.tsx","19","        <div className=""flex min-h-screen items-center justify-center bg-[radial-gradient(circle_at_top_left,_rgba(59,130,246,0.16),_transparent_34%),#020617] px-4 text-white"">"
"D:\projects\admin-dashboard\app\components\auth\StaffOrAdmin.tsx","20","          <div className=""rounded-3xl border border-white/10 bg-white/[0.06] px-6 py-4 text-sm text-zinc-300 shadow-2xl shadow-black/30 backdrop-blur-2xl"">"
"D:\projects\admin-dashboard\app\components\barcode-scanner\components\CameraScannerPanel.tsx","30","      <div className=""relative overflow-hidden rounded-[2rem] border border-white/10 bg-black shadow-2xl shadow-black/50"">"
"D:\projects\admin-dashboard\app\components\barcode-scanner\components\CameraScannerPanel.tsx","46","      <div className=""rounded-3xl border border-white/10 bg-white/[0.04] p-4 text-sm text-zinc-300 backdrop-blur-xl"">"
"D:\projects\admin-dashboard\app\components\barcode-scanner\components\CameraScannerPanel.tsx","53","          <p className=""mt-2 text-sm font-medium text-red-300"">"
"D:\projects\admin-dashboard\app\components\barcode-scanner\components\CameraScannerPanel.tsx","58","        <p className=""mt-2 text-xs leading-5 text-zinc-500"">"
"D:\projects\admin-dashboard\app\components\barcode-scanner\components\HardwareScannerPanel.tsx","20","    <section className=""rounded-[2rem] border border-white/10 bg-white/[0.05] p-5 shadow-2xl shadow-black/30 backdrop-blur-xl"">"
"D:\projects\admin-dashboard\app\components\barcode-scanner\components\HardwareScannerPanel.tsx","27","          <h3 className=""font-semibold text-white"">External Scanner Mode</h3>"
"D:\projects\admin-dashboard\app\components\barcode-scanner\components\HardwareScannerPanel.tsx","28","          <p className=""text-sm text-zinc-400"">"
"D:\projects\admin-dashboard\app\components\barcode-scanner\components\HardwareScannerPanel.tsx","52","        className=""w-full rounded-2xl border border-white/10 bg-black/50 px-4 py-3 text-white outline-none backdrop-blur-xl placeholder:text-zinc-500 focus:border-emerald-300/50"""
"D:\projects\admin-dashboard\app\components\barcode-scanner\components\HardwareScannerPanel.tsx","58","        className=""mt-3 rounded-2xl border border-white/10 bg-white px-4 py-2 font-semibold text-black shadow-lg shadow-black/30 transition hover:bg-zinc-200"""
"D:\projects\admin-dashboard\app\components\barcode-scanner\components\HardwareScannerPanel.tsx","63","      <p className=""mt-4 text-xs leading-5 text-zinc-500"">"
"D:\projects\admin-dashboard\app\components\barcode-scanner\components\ManualScannerPanel.tsx","17","    <section className=""rounded-[2rem] border border-white/10 bg-white/[0.05] p-5 shadow-2xl shadow-black/30 backdrop-blur-xl"">"
"D:\projects\admin-dashboard\app\components\barcode-scanner\components\ManualScannerPanel.tsx","24","          <h3 className=""font-semibold text-white"">Manual Entry</h3>"
"D:\projects\admin-dashboard\app\components\barcode-scanner\components\ManualScannerPanel.tsx","25","          <p className=""text-sm text-zinc-400"">"
"D:\projects\admin-dashboard\app\components\barcode-scanner\components\ManualScannerPanel.tsx","46","        className=""w-full rounded-2xl border border-white/10 bg-black/50 px-4 py-3 text-white outline-none backdrop-blur-xl placeholder:text-zinc-500 focus:border-cyan-300/50"""
"D:\projects\admin-dashboard\app\components\barcode-scanner\components\ManualScannerPanel.tsx","52","        className=""mt-3 rounded-2xl border border-white/10 bg-white px-4 py-2 font-semibold text-black shadow-lg shadow-black/30 transition hover:bg-zinc-200"""
"D:\projects\admin-dashboard\app\components\barcode-scanner\components\ScannerModeButton.tsx","19","          : ""border-white/10 bg-white/[0.06] text-zinc-300 hover:border-white/20 hover:bg-white/[0.1]"""
"D:\projects\admin-dashboard\app\components\barcode-scanner\BarcodeScannerModal.tsx","136","      className=""fixed inset-0 z-[100] flex items-center justify-center bg-black/75 p-4 backdrop-blur-xl"""
"D:\projects\admin-dashboard\app\components\barcode-scanner\BarcodeScannerModal.tsx","141","      <div className=""w-full max-w-2xl overflow-hidden rounded-[2rem] border border-white/10 bg-zinc-950/80 shadow-2xl shadow-black/70 backdrop-blur-2xl"">"
"D:\projects\admin-dashboard\app\components\barcode-scanner\BarcodeScannerModal.tsx","142","        <div className=""border-b border-white/10 bg-white/[0.04] px-5 py-4"">"
"D:\projects\admin-dashboard\app\components\barcode-scanner\BarcodeScannerModal.tsx","145","              <div className=""rounded-2xl border border-white/10 bg-white/[0.06] p-2 shadow-inner"">"
"D:\projects\admin-dashboard\app\components\barcode-scanner\BarcodeScannerModal.tsx","146","                <ScanLine className=""h-5 w-5 text-white"" />"
"D:\projects\admin-dashboard\app\components\barcode-scanner\BarcodeScannerModal.tsx","152","                  className=""text-lg font-semibold text-white"""
"D:\projects\admin-dashboard\app\components\barcode-scanner\BarcodeScannerModal.tsx","157","                <p className=""mt-1 text-sm leading-5 text-zinc-400"">"
"D:\projects\admin-dashboard\app\components\barcode-scanner\BarcodeScannerModal.tsx","172","              className=""rounded-2xl border border-white/10 bg-white/[0.05] p-2 transition hover:bg-white/[0.1]"""
"D:\projects\admin-dashboard\app\components\barcode-scanner\BarcodeScannerModal.tsx","175","              <X className=""h-5 w-5 text-white"" />"
"D:\projects\admin-dashboard\app\components\barcode-scanner\BarcodeScannerModal.tsx","180","        <div className=""border-b border-white/10 px-5 py-3"">"
"D:\projects\admin-dashboard\app\components\modals\shared\ModalHeader.tsx","34","            <p className=""mt-1 text-sm leading-6 text-neutral-400"">"
"D:\projects\admin-dashboard\app\components\modals\shared\ModalHeader.tsx","44","        className=""rounded-xl border border-white/10 bg-white/5 p-2 text-neutral-300 transition hover:bg-white/10 hover:text-white"""
"D:\projects\admin-dashboard\app\components\modals\shared\ModalShell.tsx","27","      className=""fixed inset-0 z-50 flex items-center justify-center bg-black/80 px-4 backdrop-blur-md"""
"D:\projects\admin-dashboard\app\components\modals\shared\ModalShell.tsx","30","        className={`max-h-[90vh] w-full overflow-y-auto rounded-3xl border border-white/10 bg-[rgba(10,10,10,0.88)] p-6 text-white shadow-2xl shadow-black/40 backdrop-blur-2xl ${maxWidthClassName}`}"
"D:\projects\admin-dashboard\app\components\modals\HipaaSafetyModal.tsx","71","      badge: ""border-red-500/20 bg-red-500/10 text-red-200"","
"D:\projects\admin-dashboard\app\components\modals\HipaaSafetyModal.tsx","94","          <div className=""rounded-2xl border border-red-500/20 bg-red-500/10 p-3 text-red-300"">"
"D:\projects\admin-dashboard\app\components\modals\HipaaSafetyModal.tsx","100","      <div className=""rounded-2xl border border-yellow-500/20 bg-yellow-500/10 p-4 text-sm text-yellow-100"">"
"D:\projects\admin-dashboard\app\components\modals\HipaaSafetyModal.tsx","103","        <p className=""mt-1 text-yellow-100/80"">"
"D:\projects\admin-dashboard\app\components\modals\HipaaSafetyModal.tsx","116","              className=""rounded-2xl border border-white/10 bg-white/[0.03] px-4 py-3 backdrop-blur-xl"""
"D:\projects\admin-dashboard\app\components\modals\HipaaSafetyModal.tsx","126","                    <p className=""text-sm font-semibold text-white"">"
"D:\projects\admin-dashboard\app\components\modals\HipaaSafetyModal.tsx","137","                  <p className=""mt-1 text-sm leading-6 text-neutral-400"">"
"D:\projects\admin-dashboard\app\components\modals\HipaaSafetyModal.tsx","147","      <div className=""mt-5 rounded-2xl border border-white/10 bg-white/[0.03] p-4"">"
"D:\projects\admin-dashboard\app\components\modals\HipaaSafetyModal.tsx","155","            <p className=""text-sm font-semibold text-white"">"
"D:\projects\admin-dashboard\app\components\modals\HipaaSafetyModal.tsx","159","            <p className=""mt-1 text-sm leading-6 text-neutral-400"">"
"D:\projects\admin-dashboard\app\components\modals\HipaaSafetyModal.tsx","172","          className=""rounded-2xl border border-white/10 bg-white/10 px-5 py-3 text-sm font-semibold text-white transition hover:bg-white/15"""
"D:\projects\admin-dashboard\app\components\modals\HipaaSafetyModal.tsx","180","          className=""rounded-2xl bg-white px-5 py-3 text-sm font-semibold text-black transition hover:opacity-90"""
"D:\projects\admin-dashboard\app\components\patients\PatientDocumentsPanel.tsx","373","      <div className=""rounded-3xl border border-zinc-800 bg-zinc-950 p-8"">"
"D:\projects\admin-dashboard\app\components\patients\PatientDocumentsPanel.tsx","374","        <div className=""flex items-center gap-3 text-zinc-400"">"
"D:\projects\admin-dashboard\app\components\patients\PatientDocumentsPanel.tsx","384","      <div className=""rounded-3xl border border-red-900/40 bg-red-950/20 p-6"">"
"D:\projects\admin-dashboard\app\components\patients\PatientDocumentsPanel.tsx","386","          <div className=""rounded-2xl border border-red-800/40 bg-red-950/40 p-3"">"
"D:\projects\admin-dashboard\app\components\patients\PatientDocumentsPanel.tsx","387","            <HeartPulse className=""h-6 w-6 text-red-300"" />"
"D:\projects\admin-dashboard\app\components\patients\PatientDocumentsPanel.tsx","391","            <h3 className=""text-lg font-semibold text-red-100"">"
"D:\projects\admin-dashboard\app\components\patients\PatientDocumentsPanel.tsx","395","            <p className=""mt-2 text-sm text-red-200/80"">"
"D:\projects\admin-dashboard\app\components\patients\PatientDocumentsPanel.tsx","400","              <div className=""mt-4 text-sm text-red-100"">"
"D:\projects\admin-dashboard\app\components\patients\PatientDocumentsPanel.tsx","409","              <div className=""mt-2 text-sm text-red-100"">"
"D:\projects\admin-dashboard\app\components\patients\PatientDocumentsPanel.tsx","424","      <section className=""rounded-3xl border border-zinc-800 bg-zinc-950 p-6"">"
"D:\projects\admin-dashboard\app\components\patients\PatientDocumentsPanel.tsx","427","            <h3 className=""text-lg font-semibold text-white"">"
"D:\projects\admin-dashboard\app\components\patients\PatientDocumentsPanel.tsx","431","            <p className=""mt-1 text-sm text-zinc-500"">"
"D:\projects\admin-dashboard\app\components\patients\PatientDocumentsPanel.tsx","437","          <div className=""rounded-2xl border border-zinc-800 bg-black/30 px-4 py-3 text-sm"">"
"D:\projects\admin-dashboard\app\components\patients\PatientDocumentsPanel.tsx","438","            <div className=""text-zinc-500"">"
"D:\projects\admin-dashboard\app\components\patients\PatientDocumentsPanel.tsx","442","            <div className=""mt-1 font-semibold text-white"">"
"D:\projects\admin-dashboard\app\components\patients\PatientDocumentsPanel.tsx","446","            <div className=""mt-2 text-xs text-zinc-500"">"
"D:\projects\admin-dashboard\app\components\patients\PatientDocumentsPanel.tsx","456","              className=""mb-2 block text-sm font-medium text-zinc-300"""
"D:\projects\admin-dashboard\app\components\patients\PatientDocumentsPanel.tsx","467","              className=""w-full rounded-2xl border border-zinc-700 bg-zinc-900 px-4 py-3 text-sm text-white outline-none focus:border-zinc-500"""
"D:\projects\admin-dashboard\app\components\patients\PatientDocumentsPanel.tsx","478","              className=""mb-2 block text-sm font-medium text-zinc-300"""
"D:\projects\admin-dashboard\app\components\patients\PatientDocumentsPanel.tsx","492","              className=""w-full rounded-2xl border border-zinc-700 bg-zinc-900 p-3 text-sm text-white file:mr-4 file:rounded-xl file:border-0 file:bg-white file:px-4 file:py-2 file:text-sm file:font-medium file:text-black hover:file:bg-zinc-200"""
"D:\projects\admin-dashboard\app\components\patients\PatientDocumentsPanel.tsx","495","            <div className=""mt-2 text-xs text-zinc-500"">"
"D:\projects\admin-dashboard\app\components\patients\PatientDocumentsPanel.tsx","504","            className=""mb-2 block text-sm font-medium text-zinc-300"""
"D:\projects\admin-dashboard\app\components\patients\PatientDocumentsPanel.tsx","516","            className=""min-h-28 w-full rounded-2xl border border-zinc-700 bg-zinc-900 p-4 text-sm text-white outline-none placeholder:text-zinc-600 focus:border-zinc-500"""
"D:\projects\admin-dashboard\app\components\patients\PatientDocumentsPanel.tsx","524","          className=""mt-5 inline-flex items-center gap-2 rounded-2xl border border-white/15 bg-white px-5 py-3 text-sm font-medium text-black transition hover:bg-zinc-200 disabled:cursor-not-allowed disabled:opacity-60"""
"D:\projects\admin-dashboard\app\components\patients\PatientDocumentsPanel.tsx","540","      <section className=""rounded-3xl border border-zinc-800 bg-zinc-950 p-6"">"
"D:\projects\admin-dashboard\app\components\patients\PatientDocumentsPanel.tsx","543","            <h3 className=""text-lg font-semibold text-white"">"
"D:\projects\admin-dashboard\app\components\patients\PatientDocumentsPanel.tsx","547","            <p className=""mt-1 text-sm text-zinc-500"">"
"D:\projects\admin-dashboard\app\components\patients\PatientDocumentsPanel.tsx","554","          <div className=""mt-6 flex items-center gap-3 text-zinc-400"">"
"D:\projects\admin-dashboard\app\components\patients\PatientDocumentsPanel.tsx","559","          <div className=""mt-6 rounded-2xl border border-zinc-800 bg-black/30 p-8 text-center text-zinc-500"">"
"D:\projects\admin-dashboard\app\components\patients\PatientDocumentsPanel.tsx","570","                  className=""rounded-2xl border border-zinc-800 bg-black/30 p-5"""
"D:\projects\admin-dashboard\app\components\patients\PatientDocumentsPanel.tsx","575","                        <div className=""rounded-2xl border border-zinc-800 bg-zinc-900 p-3"">"
"D:\projects\admin-dashboard\app\components\patients\PatientDocumentsPanel.tsx","576","                          <FileText className=""h-5 w-5 text-zinc-300"" />"
"D:\projects\admin-dashboard\app\components\patients\PatientDocumentsPanel.tsx","580","                          <div className=""truncate font-medium text-white"">"
"D:\projects\admin-dashboard\app\components\patients\PatientDocumentsPanel.tsx","584","                          <div className=""mt-1 text-xs text-zinc-500"">"
"D:\projects\admin-dashboard\app\components\patients\PatientDocumentsPanel.tsx","613","                        <div className=""mt-4 rounded-2xl border border-zinc-800 bg-zinc-900/50 p-4 text-sm text-zinc-300"">"
"D:\projects\admin-dashboard\app\components\patients\PatientDocumentsPanel.tsx","624","                        className=""inline-flex items-center gap-2 rounded-xl border border-zinc-700 bg-zinc-900 px-4 py-2 text-sm text-white transition hover:bg-zinc-800"""
"D:\projects\admin-dashboard\app\components\patients\PatientDocumentsPanel.tsx","633","                        className=""inline-flex items-center gap-2 rounded-xl border border-zinc-700 bg-zinc-900 px-4 py-2 text-sm text-white transition hover:bg-zinc-800"""
"D:\projects\admin-dashboard\app\components\patients\PatientDocumentsPanel.tsx","643","                        className=""inline-flex items-center gap-2 rounded-xl border border-red-700/40 bg-red-950/20 px-4 py-2 text-sm text-red-200 transition hover:bg-red-900/20 disabled:cursor-not-allowed disabled:opacity-50"""
"D:\projects\admin-dashboard\app\components\patients\PatientDocumentsPanel.tsx","677","    <div className=""rounded-xl border border-zinc-800 bg-zinc-900/40 px-3 py-2"">"
"D:\projects\admin-dashboard\app\components\patients\PatientDocumentsPanel.tsx","678","      <div className=""text-xs text-zinc-500"">"
"D:\projects\admin-dashboard\app\components\patients\PatientDocumentsPanel.tsx","682","      <div className=""mt-1 break-all text-zinc-200"">"
"D:\projects\admin-dashboard\app\components\reports\OpenUploadCenterButton.tsx","20","      className=""inline-flex items-center justify-center gap-2 rounded-2xl border border-white/10 bg-white/10 px-4 py-2 text-sm font-semibold text-white transition hover:bg-white/15"""
"D:\projects\admin-dashboard\app\components\reports\ReportsImportsTable.tsx","42","      ""border-white/10 bg-white/5 text-neutral-300"","
"D:\projects\admin-dashboard\app\components\reports\ReportsImportsTable.tsx","46","      ""border-red-500/20 bg-red-500/10 text-red-300"","
"D:\projects\admin-dashboard\app\components\reports\ReportsImportsTable.tsx","52","    return <span className=""text-neutral-500"">0</span>;"
"D:\projects\admin-dashboard\app\components\reports\ReportsImportsTable.tsx","68","    <section className=""overflow-hidden rounded-3xl border border-white/10 bg-neutral-950"">"
"D:\projects\admin-dashboard\app\components\reports\ReportsImportsTable.tsx","69","      <div className=""flex flex-wrap items-center justify-between gap-4 border-b border-white/10 px-6 py-5"">"
"D:\projects\admin-dashboard\app\components\reports\ReportsImportsTable.tsx","71","          <h2 className=""text-lg font-semibold text-white"">"
"D:\projects\admin-dashboard\app\components\reports\ReportsImportsTable.tsx","75","          <p className=""mt-1 text-sm text-neutral-500"">"
"D:\projects\admin-dashboard\app\components\reports\ReportsImportsTable.tsx","80","        <div className=""rounded-2xl border border-white/10 bg-black/30 px-4 py-3 text-right"">"
"D:\projects\admin-dashboard\app\components\reports\ReportsImportsTable.tsx","81","          <div className=""text-xs uppercase tracking-[0.14em] text-neutral-500"">"
"D:\projects\admin-dashboard\app\components\reports\ReportsImportsTable.tsx","85","          <div className=""mt-1 text-lg font-semibold text-white"">"
"D:\projects\admin-dashboard\app\components\reports\ReportsImportsTable.tsx","93","          <thead className=""sticky top-0 z-10 border-b border-white/10 bg-neutral-950 text-neutral-400 backdrop-blur"">"
"D:\projects\admin-dashboard\app\components\reports\ReportsImportsTable.tsx","135","                    <div className=""text-lg font-medium text-neutral-300"">"
"D:\projects\admin-dashboard\app\components\reports\ReportsImportsTable.tsx","139","                    <div className=""mt-2 text-sm text-neutral-500"">"
"D:\projects\admin-dashboard\app\components\reports\ReportsImportsTable.tsx","186","                    className=""border-b border-white/5 transition hover:bg-white/[0.035]"""
"D:\projects\admin-dashboard\app\components\reports\ReportsImportsTable.tsx","189","                      <div className=""max-w-[320px] truncate font-medium text-white"">"
"D:\projects\admin-dashboard\app\components\reports\ReportsImportsTable.tsx","195","                      <span className=""inline-flex rounded-full border border-white/10 bg-white/5 px-3 py-1 text-xs text-neutral-300"">"
"D:\projects\admin-dashboard\app\components\reports\ReportsImportsTable.tsx","200","                    <td className=""px-4 py-4 text-neutral-400"">"
"D:\projects\admin-dashboard\app\components\reports\ReportsImportsTable.tsx","204","                    <td className=""px-4 py-4 text-right font-mono text-white"">"
"D:\projects\admin-dashboard\app\components\reports\ReportsKpiCards.tsx","57","    return ""border-white/10 bg-neutral-950 text-white"";"
"D:\projects\admin-dashboard\app\components\reports\ReportsKpiCards.tsx","61","    neutral: ""border-white/10 bg-neutral-950 text-white"","
"D:\projects\admin-dashboard\app\components\reports\ReportsKpiCards.tsx","63","    red: ""border-red-500/30 bg-red-500/10 text-red-300"","
"D:\projects\admin-dashboard\app\components\reports\ReportsKpiCards.tsx","65","    yellow: ""border-yellow-500/30 bg-yellow-500/10 text-yellow-300"","
"D:\projects\admin-dashboard\app\components\reports\ReportsKpiCards.tsx","73","    return ""border-white/10 bg-white/5 text-neutral-400"";"
"D:\projects\admin-dashboard\app\components\reports\ReportsKpiCards.tsx","77","    neutral: ""border-white/10 bg-white/5 text-neutral-400"","
"D:\projects\admin-dashboard\app\components\reports\ReportsKpiCards.tsx","79","    red: ""border-red-500/20 bg-red-500/10 text-red-300"","
"D:\projects\admin-dashboard\app\components\reports\ReportsKpiCards.tsx","81","    yellow: ""border-yellow-500/20 bg-yellow-500/10 text-yellow-300"","
"D:\projects\admin-dashboard\app\components\reports\ReportsKpiCards.tsx","178","            className={`rounded-3xl border p-5 transition hover:-translate-y-0.5 hover:border-white/20 ${getToneClasses("
"D:\projects\admin-dashboard\app\components\reports\ReportsKpiCards.tsx","185","                <div className=""text-sm text-neutral-400"">"
"D:\projects\admin-dashboard\app\components\reports\ReportsKpiCards.tsx","204","            <p className=""mt-4 text-xs leading-5 text-neutral-500"">"
"D:\projects\admin-dashboard\app\components\reports\ReportUploadCard.tsx","236","    <section className=""rounded-3xl border border-zinc-800 bg-zinc-950 p-5 shadow-xl"">"
"D:\projects\admin-dashboard\app\components\reports\ReportUploadCard.tsx","238","        <h2 className=""text-lg font-semibold text-white"">{title}</h2>"
"D:\projects\admin-dashboard\app\components\reports\ReportUploadCard.tsx","240","        <p className=""text-sm text-zinc-500"">"
"D:\projects\admin-dashboard\app\components\reports\ReportUploadCard.tsx","252","            className=""mb-2 block text-sm font-medium text-zinc-300"""
"D:\projects\admin-dashboard\app\components\reports\ReportUploadCard.tsx","271","            className=""block w-full rounded-2xl border border-zinc-700 bg-zinc-900 px-4 py-3 text-sm text-zinc-300 file:mr-4 file:rounded-xl file:border-0 file:bg-white file:px-4 file:py-2 file:text-sm file:font-medium file:text-black disabled:opacity-60"""
"D:\projects\admin-dashboard\app\components\reports\ReportUploadCard.tsx","276","          <div className=""rounded-2xl border border-zinc-800 bg-black/40 p-4 text-sm text-zinc-300"">"
"D:\projects\admin-dashboard\app\components\reports\ReportUploadCard.tsx","278","              <span className=""text-zinc-500"">File:</span> {selectedFile.name}"
"D:\projects\admin-dashboard\app\components\reports\ReportUploadCard.tsx","281","              <span className=""text-zinc-500"">Size:</span>{"" ""}"
"D:\projects\admin-dashboard\app\components\reports\ReportUploadCard.tsx","285","              <span className=""text-zinc-500"">Report type:</span>{"" ""}"
"D:\projects\admin-dashboard\app\components\reports\ReportUploadCard.tsx","289","              <span className=""text-zinc-500"">Cloud folder:</span>{"" ""}"
"D:\projects\admin-dashboard\app\components\reports\ReportUploadCard.tsx","294","              <div className=""mt-3 rounded-xl border border-red-500/20 bg-red-500/10 p-3 text-red-200"">"
"D:\projects\admin-dashboard\app\components\reports\ReportUploadCard.tsx","318","          <div className=""rounded-2xl border border-white/10 bg-black/40 p-3 text-sm text-zinc-200"">"
"D:\projects\admin-dashboard\app\components\reports\ReportUploadCard.tsx","328","            className=""inline-flex flex-1 items-center justify-center gap-2 rounded-2xl bg-white px-4 py-3 text-sm font-medium text-black transition hover:opacity-90 disabled:cursor-not-allowed disabled:opacity-50"""
"D:\projects\admin-dashboard\app\components\reports\ReportUploadCard.tsx","347","            className=""inline-flex items-center justify-center gap-2 rounded-2xl border border-zinc-700 bg-zinc-900 px-4 py-3 text-sm text-zinc-200 transition hover:bg-zinc-800 disabled:cursor-not-allowed disabled:opacity-50"""
"D:\projects\admin-dashboard\app\components\reports\ServerImportUploader.tsx","191","      className=""rounded-3xl border border-white/10 bg-neutral-950 p-6 text-white"""
"D:\projects\admin-dashboard\app\components\reports\ServerImportUploader.tsx","199","          <p className=""mt-1 max-w-2xl text-sm text-zinc-400"">"
"D:\projects\admin-dashboard\app\components\reports\ServerImportUploader.tsx","207","        <div className=""rounded-2xl border border-white/10 bg-black/30 px-4 py-3 text-right"">"
"D:\projects\admin-dashboard\app\components\reports\ServerImportUploader.tsx","208","          <div className=""text-xs uppercase tracking-[0.16em] text-zinc-500"">"
"D:\projects\admin-dashboard\app\components\reports\ServerImportUploader.tsx","212","          <div className=""mt-1 text-sm font-medium text-white"">"
"D:\projects\admin-dashboard\app\components\reports\ServerImportUploader.tsx","222","            className=""mb-2 block text-sm font-medium text-zinc-300"""
"D:\projects\admin-dashboard\app\components\reports\ServerImportUploader.tsx","252","          <div className=""mb-2 block text-sm font-medium text-zinc-300"">"
"D:\projects\admin-dashboard\app\components\reports\ServerImportUploader.tsx","280","                : ""border-white/10 bg-black/30 hover:border-white/20 hover:bg-white/[0.03]"""
"D:\projects\admin-dashboard\app\components\reports\ServerImportUploader.tsx","298","                className=""h-10 w-10 text-red-300"""
"D:\projects\admin-dashboard\app\components\reports\ServerImportUploader.tsx","308","            <div className=""mt-4 text-sm font-medium text-white"">"
"D:\projects\admin-dashboard\app\components\reports\ServerImportUploader.tsx","314","            <div className=""mt-2 text-xs text-zinc-500"">"
"D:\projects\admin-dashboard\app\components\reports\ServerImportUploader.tsx","377","        className=""mt-5 inline-flex items-center gap-2 rounded-2xl bg-white px-5 py-3 text-sm font-semibold text-black transition hover:opacity-90 disabled:cursor-not-allowed disabled:opacity-60"""
"D:\projects\admin-dashboard\app\components\reports\ServerImportUploader.tsx","401","          className=""mt-6 rounded-3xl border border-white/10 bg-black/40 p-5"""
"D:\projects\admin-dashboard\app\components\reports\ServerImportUploader.tsx","405","              <div className=""text-sm text-zinc-400"">"
"D:\projects\admin-dashboard\app\components\reports\ServerImportUploader.tsx","409","              <div className=""mt-1 text-lg font-semibold text-white"">"
"D:\projects\admin-dashboard\app\components\reports\ServerImportUploader.tsx","414","            <div className=""rounded-2xl border border-white/10 bg-black/30 px-4 py-3 text-right"">"
"D:\projects\admin-dashboard\app\components\reports\ServerImportUploader.tsx","415","              <div className=""text-xs uppercase tracking-[0.16em] text-zinc-500"">"
"D:\projects\admin-dashboard\app\components\reports\ServerImportUploader.tsx","419","              <div className=""mt-1 text-lg font-semibold text-white"">"
"D:\projects\admin-dashboard\app\components\reports\ServerImportUploader.tsx","426","            <div className=""mb-2 flex items-center justify-between text-sm text-zinc-400"">"
"D:\projects\admin-dashboard\app\components\reports\ServerImportUploader.tsx","440","              className=""h-3 overflow-hidden rounded-full bg-white/10"""
"D:\projects\admin-dashboard\app\components\reports\ServerImportUploader.tsx","444","                className=""h-full rounded-full bg-white transition-all duration-300"""
"D:\projects\admin-dashboard\app\components\reports\ServerImportUploader.tsx","466","            <div className=""mt-5 rounded-2xl border border-red-500/20 bg-red-500/10 p-4 text-sm text-red-300"">"
"D:\projects\admin-dashboard\app\components\ui\PageHeader.tsx","25","        <h1 className=""mt-1 text-3xl font-bold tracking-tight text-white light:text-slate-950"">"
"D:\projects\admin-dashboard\app\components\ui\PageHeader.tsx","30","          <p className=""mt-2 max-w-3xl text-sm leading-6 text-zinc-400 light:text-slate-600"">"
"D:\projects\admin-dashboard\app\components\ui\PrimaryButton.tsx","14","    <button {...props} className={`${""inline-flex items-center justify-center gap-2 rounded-2xl bg-cyan-300 px-5 py-3 text-sm font-bold text-slate-950 shadow-lg shadow-cyan-500/20 transition hover:bg-cyan-200 disabled:cursor-not-allowed disabled:opacity-50""} ${className}`}>"
"D:\projects\admin-dashboard\app\components\MaintenanceGate.tsx","36","      ""border-white/10 bg-neutral-950 text-neutral-300"","
"D:\projects\admin-dashboard\app\components\MaintenanceGate.tsx","38","      ""border-red-500/20 bg-red-950/20 text-red-300"","
"D:\projects\admin-dashboard\app\components\MaintenanceGate.tsx","40","      ""border-yellow-500/20 bg-yellow-950/20 text-yellow-200"","
"D:\projects\admin-dashboard\app\components\MaintenanceGate.tsx","45","      ""border-white/10 bg-white/5 text-neutral-300"","
"D:\projects\admin-dashboard\app\components\MaintenanceGate.tsx","47","      ""border-red-500/20 bg-red-500/10 text-red-300"","
"D:\projects\admin-dashboard\app\components\MaintenanceGate.tsx","49","      ""border-yellow-500/20 bg-yellow-500/10 text-yellow-200"","
"D:\projects\admin-dashboard\app\components\MaintenanceGate.tsx","61","    <main className=""flex min-h-screen items-center justify-center bg-black p-6 text-white"">"
"D:\projects\admin-dashboard\app\components\MaintenanceGate.tsx","65","        className={`w-full max-w-md rounded-3xl border p-8 shadow-2xl shadow-black/40 ${toneClasses[tone]}`}"
"D:\projects\admin-dashboard\app\components\MaintenanceGate.tsx","81","              <h1 className=""text-xl font-semibold text-white"">"
"D:\projects\admin-dashboard\app\components\PatientTables.tsx","15","      <p className=""rounded-2xl border border-white/10 bg-black/30 p-4 text-sm text-zinc-500"">"
"D:\projects\admin-dashboard\app\components\PatientTables.tsx","22","    <div className=""overflow-x-auto rounded-2xl border border-white/10"">"
"D:\projects\admin-dashboard\app\components\PatientTables.tsx","24","        <thead className=""bg-white/5 text-xs uppercase text-zinc-500"">"
"D:\projects\admin-dashboard\app\components\PatientTables.tsx","42","              className=""border-t border-white/10"""
"D:\projects\admin-dashboard\app\components\PatientTables.tsx","44","              <td className=""px-3 py-2 text-zinc-100"">{item.itemName || ""???""}</td>"
"D:\projects\admin-dashboard\app\components\PatientTables.tsx","45","              <td className=""px-3 py-2 text-zinc-400"">"
"D:\projects\admin-dashboard\app\components\PatientTables.tsx","48","              <td className=""px-3 py-2 text-zinc-400"">{item.saleType || ""???""}</td>"
"D:\projects\admin-dashboard\app\components\PatientTables.tsx","49","              <td className=""px-3 py-2 text-zinc-400"">{item.qty ?? ""???""}</td>"
"D:\projects\admin-dashboard\app\components\PatientTables.tsx","50","              <td className=""px-3 py-2 text-zinc-400"">{item.status || ""???""}</td>"
"D:\projects\admin-dashboard\app\components\PatientTables.tsx","51","              <td className=""px-3 py-2 text-zinc-400"">"
"D:\projects\admin-dashboard\app\components\PatientTables.tsx","54","              <td className=""px-3 py-2 text-zinc-400"">{item.lotNumber || ""???""}</td>"
"D:\projects\admin-dashboard\app\components\PatientTables.tsx","55","              <td className=""px-3 py-2 text-zinc-400"">"
"D:\projects\admin-dashboard\app\components\PatientTables.tsx","58","              <td className=""px-3 py-2 text-zinc-400"">"
"D:\projects\admin-dashboard\app\components\PatientTables.tsx","61","              <td className=""px-3 py-2 text-zinc-400"">"
"D:\projects\admin-dashboard\app\components\PatientTables.tsx","75","      <p className=""rounded-2xl border border-white/10 bg-black/30 p-4 text-sm text-zinc-500"">"
"D:\projects\admin-dashboard\app\components\PatientTables.tsx","82","    <div className=""overflow-x-auto rounded-2xl border border-white/10"">"
"D:\projects\admin-dashboard\app\components\PatientTables.tsx","84","        <thead className=""bg-white/5 text-xs uppercase text-zinc-500"">"
"D:\projects\admin-dashboard\app\components\PatientTables.tsx","98","              className=""border-t border-white/10"""
"D:\projects\admin-dashboard\app\components\PatientTables.tsx","100","              <td className=""px-3 py-2 text-zinc-100"">{item.itemName || ""???""}</td>"
"D:\projects\admin-dashboard\app\components\PatientTables.tsx","101","              <td className=""px-3 py-2 text-zinc-400"">"
"D:\projects\admin-dashboard\app\components\PatientTables.tsx","104","              <td className=""px-3 py-2 text-zinc-400"">"
"D:\projects\admin-dashboard\app\components\PatientTables.tsx","107","              <td className=""px-3 py-2 text-zinc-400"">{item.quantity ?? ""???""}</td>"
"D:\projects\admin-dashboard\app\components\PatientTables.tsx","108","              <td className=""px-3 py-2 text-zinc-400"">"
"D:\projects\admin-dashboard\app\components\PatientTables.tsx","111","              <td className=""px-3 py-2 text-zinc-400"">{item.orderId || ""???""}</td>"
"D:\projects\admin-dashboard\app\login\LoginClient.tsx","127","      <div className=""flex min-h-screen items-center justify-center bg-black px-4 text-white"">"
"D:\projects\admin-dashboard\app\login\LoginClient.tsx","128","        <div className=""flex items-center gap-3 rounded-3xl border border-white/10 bg-neutral-950 px-6 py-4 text-sm text-zinc-300 shadow-2xl shadow-black/30"">"
"D:\projects\admin-dashboard\app\login\LoginClient.tsx","137","    <main className=""flex min-h-screen items-center justify-center bg-black px-4 text-white"">"
"D:\projects\admin-dashboard\app\login\LoginClient.tsx","142","        className=""w-full max-w-md space-y-5 rounded-3xl border border-white/10 bg-neutral-950 p-6 shadow-2xl shadow-black/40"""
"D:\projects\admin-dashboard\app\login\LoginClient.tsx","145","          <div className=""inline-flex rounded-full border border-white/10 bg-white/5 px-3 py-1 text-xs font-medium uppercase tracking-[0.18em] text-zinc-500"">"
"D:\projects\admin-dashboard\app\login\LoginClient.tsx","153","          <p className=""text-sm text-zinc-400"">"
"D:\projects\admin-dashboard\app\login\LoginClient.tsx","162","              className=""mb-2 block text-sm font-medium text-zinc-300"""
"D:\projects\admin-dashboard\app\login\LoginClient.tsx","168","              <Mail className=""pointer-events-none absolute left-4 top-1/2 h-4 w-4 -translate-y-1/2 text-zinc-500"" />"
"D:\projects\admin-dashboard\app\login\LoginClient.tsx","182","                className=""w-full rounded-2xl border border-white/10 bg-black/40 px-4 py-3 pl-11 text-sm text-white outline-none transition placeholder:text-zinc-600 focus:border-white/30 disabled:cursor-not-allowed disabled:opacity-60"""
"D:\projects\admin-dashboard\app\login\LoginClient.tsx","190","              className=""mb-2 block text-sm font-medium text-zinc-300"""
"D:\projects\admin-dashboard\app\login\LoginClient.tsx","196","              <Lock className=""pointer-events-none absolute left-4 top-1/2 h-4 w-4 -translate-y-1/2 text-zinc-500"" />"
"D:\projects\admin-dashboard\app\login\LoginClient.tsx","209","                className=""w-full rounded-2xl border border-white/10 bg-black/40 px-4 py-3 pl-11 pr-12 text-sm text-white outline-none transition placeholder:text-zinc-600 focus:border-white/30 disabled:cursor-not-allowed disabled:opacity-60"""
"D:\projects\admin-dashboard\app\login\LoginClient.tsx","218","                className=""absolute right-3 top-1/2 rounded-lg p-2 text-zinc-400 transition -translate-y-1/2 hover:bg-white/10 hover:text-white disabled:cursor-not-allowed disabled:opacity-60"""
"D:\projects\admin-dashboard\app\login\LoginClient.tsx","233","          className=""inline-flex w-full items-center justify-center gap-2 rounded-2xl border border-white/10 bg-white px-4 py-3 font-medium text-black transition hover:bg-zinc-200 disabled:cursor-not-allowed disabled:opacity-60"""
"D:\projects\admin-dashboard\app\login\page.tsx","10","        <main className=""flex min-h-screen items-center justify-center bg-slate-950 text-white"">"
"D:\projects\admin-dashboard\app\login\page.tsx","11","          <p className=""text-sm text-slate-400"">Loading login...</p>"
"D:\projects\admin-dashboard\lib\dashboardUi.ts","2","  return ""space-y-6 p-4 text-white sm:p-5 lg:p-6"";"
"D:\projects\admin-dashboard\lib\dashboardUi.ts","6","  return ""text-2xl font-bold tracking-tight text-white"";"
"D:\projects\admin-dashboard\lib\dashboardUi.ts","10","  return ""mt-1 text-sm leading-6 text-zinc-400"";"
"D:\projects\admin-dashboard\lib\dashboardUi.ts","16","    ""border border-white/10"","
"D:\projects\admin-dashboard\lib\dashboardUi.ts","17","    ""bg-zinc-900/90"","
"D:\projects\admin-dashboard\lib\dashboardUi.ts","27","    ""border border-white/10"","
"D:\projects\admin-dashboard\lib\dashboardUi.ts","28","    ""bg-zinc-950/80"","
"D:\projects\admin-dashboard\lib\dashboardUi.ts","36","    ""border border-dashed border-white/10"","
"D:\projects\admin-dashboard\lib\dashboardUi.ts","37","    ""bg-zinc-950/70"","
"D:\projects\admin-dashboard\lib\dashboardUi.ts","41","    ""text-zinc-400"","
"D:\projects\admin-dashboard\lib\dashboardUi.ts","48","    ""border border-red-500/30"","
"D:\projects\admin-dashboard\lib\dashboardUi.ts","49","    ""bg-red-500/10"","
"D:\projects\admin-dashboard\lib\dashboardUi.ts","53","    ""text-red-300"","
"D:\projects\admin-dashboard\lib\dashboardUi.ts","85","    ""border border-white/10"","
"D:\projects\admin-dashboard\lib\dashboardUi.ts","86","    ""bg-zinc-950"","
"D:\projects\admin-dashboard\lib\dashboardUi.ts","89","    ""text-zinc-300"","
"D:\projects\admin-dashboard\lib\dashboardUi.ts","94","  return ""mb-2 block text-sm font-medium text-zinc-300"";"
"D:\projects\admin-dashboard\lib\dashboardUi.ts","101","    ""border border-white/10"","
"D:\projects\admin-dashboard\lib\dashboardUi.ts","102","    ""bg-zinc-950"","
"D:\projects\admin-dashboard\lib\dashboardUi.ts","104","    ""text-sm text-white"","
"D:\projects\admin-dashboard\lib\dashboardUi.ts","107","    ""placeholder:text-zinc-500"","
"D:\projects\admin-dashboard\lib\dashboardUi.ts","118","    ""border border-white/10"","
"D:\projects\admin-dashboard\lib\dashboardUi.ts","119","    ""bg-zinc-950"","
"D:\projects\admin-dashboard\lib\dashboardUi.ts","121","    ""text-sm text-white"","
"D:\projects\admin-dashboard\lib\dashboardUi.ts","135","    ""border border-white/10"","
"D:\projects\admin-dashboard\lib\dashboardUi.ts","136","    ""bg-zinc-950"","
"D:\projects\admin-dashboard\lib\dashboardUi.ts","138","    ""text-sm text-white"","
"D:\projects\admin-dashboard\lib\dashboardUi.ts","141","    ""placeholder:text-zinc-500"","
"D:\projects\admin-dashboard\lib\dashboardUi.ts","152","    ""border border-white/10"","
"D:\projects\admin-dashboard\lib\dashboardUi.ts","153","    ""bg-zinc-950/80"","
"D:\projects\admin-dashboard\lib\dashboardUi.ts","168","    ""text-zinc-500"","
"D:\projects\admin-dashboard\lib\dashboardUi.ts","173","  return ""px-4 py-4 text-sm text-zinc-300"";"
"D:\projects\admin-dashboard\lib\dashboardUi.ts","178","    ""border-b border-white/5"","
"D:\projects\admin-dashboard\lib\dashboardUi.ts","180","    ""hover:bg-white/[0.035]"","
"D:\projects\admin-dashboard\lib\dashboardUi.ts","187","    ""border border-white/5"","
"D:\projects\admin-dashboard\lib\dashboardUi.ts","188","    ""bg-zinc-950"","
"D:\projects\admin-dashboard\lib\dashboardUi.ts","199","    ""text-white"","
"D:\projects\admin-dashboard\lib\dashboardUi.ts","211","    ""border border-white/10"","
"D:\projects\admin-dashboard\lib\dashboardUi.ts","212","    ""bg-zinc-950"","
"D:\projects\admin-dashboard\lib\dashboardUi.ts","215","    ""text-white"","
"D:\projects\admin-dashboard\lib\dashboardUi.ts","217","    ""hover:bg-zinc-800"","
"D:\projects\admin-dashboard\lib\dashboardUi.ts","227","    ""bg-red-600"","
"D:\projects\admin-dashboard\lib\dashboardUi.ts","230","    ""text-white"","
"D:\projects\admin-dashboard\lib\dashboardUi.ts","232","    ""hover:bg-red-500"","
"D:\projects\admin-dashboard\lib\dashboardUi.ts","245","    ""text-white"","
"D:\projects\admin-dashboard\lib\dashboardUi.ts","261","      return `${base} bg-blue-500/15 text-blue-300`;"
"D:\projects\admin-dashboard\lib\dashboardUi.ts","270","      return `${base} bg-red-500/15 text-red-300`;"
"D:\projects\admin-dashboard\lib\dashboardUi.ts","273","      return `${base} bg-zinc-800 text-zinc-300`;"
"D:\projects\admin-dashboard\theme\badges.ts","15","    ""border border-white/10 bg-white/[0.06] text-slate-300"","
"D:\projects\admin-dashboard\theme\buttons.ts","9","    ""inline-flex min-w-0 shrink-0 items-center justify-center gap-2 whitespace-nowrap rounded-2xl border border-white/10 bg-white/[0.06] px-4 py-2 text-sm font-semibold text-white transition hover:border-white/15 hover:bg-white/[0.10] focus:outline-none focus:ring-2 focus:ring-white/20 disabled:pointer-events-none disabled:cursor-not-allowed disabled:opacity-50"","
"D:\projects\admin-dashboard\theme\buttons.ts","12","    ""inline-flex min-w-0 shrink-0 items-center justify-center gap-2 whitespace-nowrap rounded-2xl px-3 py-2 text-sm font-semibold text-slate-300 transition hover:bg-white/[0.06] hover:text-white focus:outline-none focus:ring-2 focus:ring-white/20 disabled:pointer-events-none disabled:cursor-not-allowed disabled:opacity-50"","
"D:\projects\admin-dashboard\theme\buttons.ts","24","    ""inline-flex min-w-0 shrink-0 items-center justify-center gap-2 whitespace-nowrap rounded-2xl border border-white/10 bg-white/[0.06] px-3 py-2 text-xs font-semibold uppercase tracking-[0.14em] text-slate-300 transition hover:bg-white/[0.10] hover:text-white focus:outline-none focus:ring-2 focus:ring-white/20 disabled:pointer-events-none disabled:cursor-not-allowed disabled:opacity-50"","
"D:\projects\admin-dashboard\theme\buttons.ts","27","    ""inline-flex h-10 w-10 min-w-0 shrink-0 items-center justify-center rounded-2xl border border-white/10 bg-white/[0.08] text-white backdrop-blur-xl transition-colors duration-200 hover:bg-white/[0.14] focus:outline-none focus:ring-2 focus:ring-cyan-300/40 active:scale-[0.98] disabled:pointer-events-none disabled:cursor-not-allowed disabled:opacity-50"","
"D:\projects\admin-dashboard\theme\buttons.ts","30","    ""inline-flex h-8 w-8 min-w-0 shrink-0 items-center justify-center rounded-xl border border-white/10 bg-white/[0.08] text-white backdrop-blur-xl transition-colors duration-200 hover:bg-white/[0.14] focus:outline-none focus:ring-2 focus:ring-cyan-300/40 active:scale-[0.98] disabled:pointer-events-none disabled:cursor-not-allowed disabled:opacity-50"","
"D:\projects\admin-dashboard\theme\colors.ts","11","  textPrimary: ""text-white"","
"D:\projects\admin-dashboard\theme\colors.ts","12","  textSecondary: ""text-slate-300"","
"D:\projects\admin-dashboard\theme\colors.ts","13","  textMuted: ""text-slate-400"","
"D:\projects\admin-dashboard\theme\colors.ts","14","  textFaint: ""text-slate-500"","
"D:\projects\admin-dashboard\theme\colors.ts","15","  textInverse: ""text-slate-950"","
"D:\projects\admin-dashboard\theme\colors.ts","17","  border: ""border-white/10"","
"D:\projects\admin-dashboard\theme\colors.ts","18","  borderStrong: ""border-white/15"","
"D:\projects\admin-dashboard\theme\colors.ts","19","  borderMuted: ""border-white/[0.06]"","
"D:\projects\admin-dashboard\theme\colors.ts","22","    ""bg-white/[0.045]"","
"D:\projects\admin-dashboard\theme\colors.ts","25","    ""hover:bg-white/[0.07]"","
"D:\projects\admin-dashboard\theme\colors.ts","28","    ""bg-white/[0.08]"","
"D:\projects\admin-dashboard\theme\colors.ts","31","    ""bg-black/25"","
"D:\projects\admin-dashboard\theme\colors.ts","34","    ""bg-black/45"","
"D:\projects\admin-dashboard\theme\colors.ts","37","    ""focus:bg-black/55"","
"D:\projects\admin-dashboard\theme\colors.ts","40","    ""bg-slate-950/70"","
"D:\projects\admin-dashboard\theme\colors.ts","43","    ""shadow-xl shadow-black/25"","
"D:\projects\admin-dashboard\theme\colors.ts","46","    ""shadow-2xl shadow-black/35"","
"D:\projects\admin-dashboard\theme\colors.ts","61","    ""border-white/10 bg-white/[0.06] text-slate-300"","
"D:\projects\admin-dashboard\theme\colors.ts","76","    ""border-white/10 bg-white/[0.06] text-slate-300"","
"D:\projects\admin-dashboard\theme\glass.ts","3","    ""relative min-h-screen w-full overflow-x-hidden text-white"","
"D:\projects\admin-dashboard\theme\glass.ts","15","    ""relative min-w-0 overflow-hidden rounded-[2rem] border border-white/10 bg-slate-950/48 shadow-xl shadow-black/30 backdrop-blur-2xl"","
"D:\projects\admin-dashboard\theme\glass.ts","21","    ""relative min-w-0 overflow-hidden rounded-[2rem] border border-white/10 bg-slate-950/48 p-5 shadow-xl shadow-black/30 backdrop-blur-2xl sm:p-6"","
"D:\projects\admin-dashboard\theme\glass.ts","24","    ""relative min-w-0 overflow-hidden rounded-3xl border border-white/10 bg-white/[0.045] shadow-xl shadow-black/25 backdrop-blur-xl"","
"D:\projects\admin-dashboard\theme\glass.ts","27","    ""relative min-w-0 overflow-hidden rounded-3xl border border-white/10 bg-white/[0.045] p-4 shadow-xl shadow-black/25 backdrop-blur-xl sm:p-5"","
"D:\projects\admin-dashboard\theme\glass.ts","30","    ""transition duration-200 hover:-translate-y-0.5 hover:border-cyan-300/35 hover:bg-white/[0.07]"","
"D:\projects\admin-dashboard\theme\glass.ts","33","    ""relative min-w-0 overflow-hidden rounded-3xl border border-white/10 bg-white/[0.045] p-5 shadow-xl shadow-black/25 backdrop-blur-xl sm:p-6"","
"D:\projects\admin-dashboard\theme\glass.ts","36","    ""relative min-w-0 rounded-2xl border border-white/10 bg-white/[0.045] p-4 backdrop-blur-xl transition hover:border-cyan-300/30 hover:bg-white/[0.07]"","
"D:\projects\admin-dashboard\theme\glass.ts","39","    ""min-w-0 rounded-2xl border border-white/10 bg-black/25"","
"D:\projects\admin-dashboard\theme\glass.ts","42","    ""min-w-0 rounded-2xl border border-white/10 bg-black/25 p-4"","
"D:\projects\admin-dashboard\theme\glass.ts","45","    ""min-w-0 rounded-2xl border border-white/10 bg-slate-950/58 shadow-lg shadow-black/25 backdrop-blur-xl"","
"D:\projects\admin-dashboard\theme\glass.ts","48","    ""min-w-0 rounded-2xl border border-white/10 bg-slate-950/58 p-4 shadow-lg shadow-black/25 backdrop-blur-xl"","
"D:\projects\admin-dashboard\theme\glass.ts","51","    ""w-full rounded-2xl border border-white/10 bg-black/45 text-white outline-none placeholder:text-slate-600 shadow-inner shadow-black/20 backdrop-blur-xl transition focus:border-white/30 focus:bg-black/55 disabled:cursor-not-allowed disabled:opacity-60"","
"D:\projects\admin-dashboard\theme\glass.ts","54","    ""w-full rounded-2xl border border-white/10 bg-black/45 px-4 py-3 text-white outline-none placeholder:text-slate-600 shadow-inner shadow-black/20 backdrop-blur-xl transition focus:border-white/30 focus:bg-black/55 disabled:cursor-not-allowed disabled:opacity-60"","
"D:\projects\admin-dashboard\theme\glass.ts","57","    ""w-full min-h-[160px] resize-none rounded-2xl border border-white/10 bg-black/45 px-4 py-3 text-white outline-none placeholder:text-slate-600 shadow-inner shadow-black/20 backdrop-blur-xl transition focus:border-white/30 focus:bg-black/55 disabled:cursor-not-allowed disabled:opacity-60"","
"D:\projects\admin-dashboard\theme\glass.ts","60","    ""w-full rounded-2xl border border-white/10 bg-black/45 px-4 py-3 text-white outline-none shadow-inner shadow-black/20 backdrop-blur-xl transition focus:border-white/30 focus:bg-black/55 disabled:cursor-not-allowed disabled:opacity-60"","
"D:\projects\admin-dashboard\theme\glass.ts","63","    ""inline-flex max-w-full min-w-0 items-center gap-2 truncate rounded-full border border-white/10 bg-white/[0.06] px-3 py-1 text-xs font-semibold uppercase tracking-[0.16em] text-slate-300 backdrop-blur-xl"","
"D:\projects\admin-dashboard\theme\glass.ts","66","    ""inline-flex h-12 w-12 shrink-0 items-center justify-center rounded-2xl border border-white/10 bg-white/[0.08] text-cyan-200 shadow-lg shadow-black/20 backdrop-blur-xl"","
"D:\projects\admin-dashboard\theme\glass.ts","69","    ""inline-flex h-9 w-9 shrink-0 items-center justify-center rounded-xl border border-white/10 bg-white/[0.08] text-cyan-200 shadow-lg shadow-black/20 backdrop-blur-xl"","
"D:\projects\admin-dashboard\theme\glass.ts","72","    ""rounded-2xl border border-dashed border-white/10 bg-white/[0.035] p-6 text-center backdrop-blur-xl"","
"D:\projects\admin-dashboard\theme\glass.ts","87","    ""overflow-x-auto rounded-2xl border border-white/10"","
"D:\projects\admin-dashboard\theme\glass.ts","90","    ""bg-white/5 text-slate-400 backdrop-blur-xl"","
"D:\projects\admin-dashboard\theme\glass.ts","93","    ""border-b border-white/10 transition hover:bg-white/[0.04]"","
"D:\projects\admin-dashboard\theme\glass.ts","96","    ""px-4 py-3 text-sm text-slate-300"","
"D:\projects\admin-dashboard\theme\glass.ts","99","    ""border-white/10"","
"D:\projects\admin-dashboard\theme\tileSystem.ts","3","    ""relative flex min-w-0 flex-col overflow-hidden rounded-3xl border border-white/10 bg-white/[0.045] shadow-xl shadow-black/25 backdrop-blur-xl"","
"D:\projects\admin-dashboard\theme\tileSystem.ts","6","    ""transition duration-200 hover:-translate-y-0.5 hover:border-cyan-300/35 hover:bg-white/[0.07]"","
"D:\projects\admin-dashboard\theme\tileSystem.ts","22","    ""inline-flex h-12 w-12 shrink-0 items-center justify-center rounded-2xl border border-white/10 bg-white/[0.08] p-3 text-cyan-200 shadow-lg shadow-black/20"","
"D:\projects\admin-dashboard\theme\tileSystem.ts","25","    ""block truncate text-xs font-semibold uppercase leading-5 tracking-[0.14em] text-slate-400"","
"D:\projects\admin-dashboard\theme\tileSystem.ts","28","    ""min-w-0 break-words text-base font-bold leading-6 tracking-tight text-white sm:text-lg sm:leading-7"","
"D:\projects\admin-dashboard\theme\tileSystem.ts","31","    ""mt-3 min-w-0 break-words text-3xl font-black leading-none tracking-tight text-white"","
"D:\projects\admin-dashboard\theme\tileSystem.ts","34","    ""mt-2 min-w-0 break-words text-xs leading-5 text-slate-400"","
"D:\projects\admin-dashboard\theme\tileSystem.ts","37","    ""min-w-0 break-words text-sm leading-6 text-slate-400"","
"D:\projects\admin-dashboard\theme\tileSystem.ts","40","    ""inline-flex max-w-full min-w-0 shrink-0 items-center truncate rounded-full border border-white/10 bg-white/[0.08] px-3 py-1.5 text-[0.68rem] font-black uppercase leading-none tracking-[0.18em] text-slate-200"","
"D:\projects\admin-dashboard\theme\typography.ts","3","    ""text-4xl font-black tracking-tight text-white sm:text-5xl"","
"D:\projects\admin-dashboard\theme\typography.ts","6","    ""text-3xl font-black tracking-tight text-white sm:text-4xl"","
"D:\projects\admin-dashboard\theme\typography.ts","9","    ""text-xl font-bold tracking-tight text-white sm:text-2xl"","
"D:\projects\admin-dashboard\theme\typography.ts","12","    ""text-base font-bold tracking-tight text-white sm:text-lg"","
"D:\projects\admin-dashboard\theme\typography.ts","15","    ""text-sm font-semibold tracking-tight text-slate-200"","
"D:\projects\admin-dashboard\theme\typography.ts","18","    ""text-sm leading-6 text-slate-300"","
"D:\projects\admin-dashboard\theme\typography.ts","21","    ""text-sm font-semibold leading-6 text-white"","
"D:\projects\admin-dashboard\theme\typography.ts","24","    ""text-sm leading-6 text-slate-400"","
"D:\projects\admin-dashboard\theme\typography.ts","27","    ""text-sm leading-6 text-slate-500"","
"D:\projects\admin-dashboard\theme\typography.ts","30","    ""text-xs leading-5 text-slate-400"","
"D:\projects\admin-dashboard\theme\typography.ts","33","    ""text-xs leading-5 text-slate-500"","
"D:\projects\admin-dashboard\theme\typography.ts","36","    ""text-xs font-semibold uppercase tracking-[0.18em] text-slate-500"","
"D:\projects\admin-dashboard\theme\typography.ts","39","    ""text-xs font-semibold uppercase tracking-[0.18em] text-slate-400"","
"D:\projects\admin-dashboard\theme\typography.ts","42","    ""text-xs font-semibold uppercase tracking-[0.16em] text-slate-400"","
"D:\projects\admin-dashboard\theme\typography.ts","45","    ""text-xs font-semibold uppercase tracking-[0.16em] text-slate-400"","
"D:\projects\admin-dashboard\theme\typography.ts","48","    ""text-xs leading-5 text-slate-500"","
"D:\projects\admin-dashboard\theme\typography.ts","51","    ""text-3xl font-black tracking-tight text-white"","
"D:\projects\admin-dashboard\theme\typography.ts","54","    ""text-2xl font-black tracking-tight text-white"","
"D:\projects\admin-dashboard\theme\typography.ts","57","    ""text-xl font-black tracking-tight text-white"","
"D:\projects\admin-dashboard\theme\typography.ts","63","    ""font-mono text-xs tracking-tight text-slate-400"","
"D:\projects\admin-dashboard\theme\typography.ts","66","    ""rounded-lg bg-black/30 px-1.5 py-0.5 font-mono text-[0.82rem] text-cyan-200"","
