"Path","Line","Text"
"D:\projects\admin-dashboard\app\(admin)\audit-logs\components\AuditDetails.tsx","10","return ""border-red-500/20 bg-red-500/10 text-red-700 dark:text-red-300"";"
"D:\projects\admin-dashboard\app\(admin)\audit-logs\components\AuditDetails.tsx","12","return ""border-amber-500/20 bg-amber-500/10 text-amber-700 dark:text-amber-300"";"
"D:\projects\admin-dashboard\app\(admin)\audit-logs\components\AuditDetails.tsx","14","return ""border-sky-500/20 bg-sky-500/10 text-sky-700 dark:text-sky-300"";"
"D:\projects\admin-dashboard\app\(admin)\audit-logs\components\AuditDetails.tsx","21","<p className=""text-xs uppercase tracking-[0.15em] text-slate-500 dark:text-slate-400"">"
"D:\projects\admin-dashboard\app\(admin)\audit-logs\components\AuditDetails.tsx","41","<p className=""mt-1 text-sm text-slate-500"">"
"D:\projects\admin-dashboard\app\(admin)\audit-logs\components\AuditDetails.tsx","56","<div className=""rounded-2xl border border-red-500/20 bg-red-500/10 p-4 text-sm text-red-700 dark:text-red-200"">"
"D:\projects\admin-dashboard\app\(admin)\audit-logs\components\AuditDetails.tsx","62","<p className=""mt-1 text-xs text-red-700/80 dark:text-red-200/80"">"
"D:\projects\admin-dashboard\app\(admin)\audit-logs\components\AuditDetails.tsx","88","<p className=""text-xs uppercase tracking-[0.15em] text-slate-500 dark:text-slate-400"">"
"D:\projects\admin-dashboard\app\(admin)\audit-logs\components\AuditDetails.tsx","92","<pre className=""mt-3 max-h-[500px] overflow-auto whitespace-pre-wrap text-xs text-slate-800 dark:text-slate-200"">"
"D:\projects\admin-dashboard\app\(admin)\audit-logs\components\AuditDetails.tsx","98","<p className=""text-slate-500"">Select an audit event.</p>"
"D:\projects\admin-dashboard\app\(admin)\audit-logs\components\AuditFilters.tsx","40","className=""mb-2 block text-xs uppercase tracking-[0.15em] text-slate-500 dark:text-slate-400"""
"D:\projects\admin-dashboard\app\(admin)\audit-logs\components\AuditFilters.tsx","46","<Search className=""pointer-events-none absolute left-4 top-1/2 h-4 w-4 -translate-y-1/2 text-slate-500"" />"
"D:\projects\admin-dashboard\app\(admin)\audit-logs\components\AuditFilters.tsx","55","className=""w-full rounded-2xl border border-white/50 bg-white/70 py-3 pl-11 pr-4 text-sm outline-none backdrop-blur-xl transition focus:border-blue-400/60 focus:ring-4 focus:ring-blue-500/10 dark:border-white/10 dark:bg-black/20"""
"D:\projects\admin-dashboard\app\(admin)\audit-logs\components\AuditWatchList.tsx","33","<h3 className=""text-sm font-semibold uppercase tracking-[0.15em] text-slate-500 dark:text-slate-400"">"
"D:\projects\admin-dashboard\app\(admin)\audit-logs\components\AuditWatchList.tsx","48","<p className=""mt-1 text-xs text-slate-500"">"
"D:\projects\admin-dashboard\app\(admin)\audit-logs\components\AuditWatchList.tsx","54","<p className=""text-sm text-slate-500"">No actor activity loaded.</p>"
"D:\projects\admin-dashboard\app\(admin)\audit-logs\components\AuditWatchList.tsx","59","<section className=""rounded-3xl border border-red-500/20 bg-red-500/10 p-5 shadow-sm backdrop-blur-2xl"">"
"D:\projects\admin-dashboard\app\(admin)\audit-logs\components\AuditWatchList.tsx","60","<h3 className=""text-sm font-semibold uppercase tracking-[0.15em] text-red-700 dark:text-red-200"">"
"D:\projects\admin-dashboard\app\(admin)\audit-logs\components\AuditWatchList.tsx","71","className=""w-full rounded-2xl border border-red-500/20 bg-white/40 p-3 text-left backdrop-blur-xl transition hover:bg-red-500/10 dark:bg-black/20"""
"D:\projects\admin-dashboard\app\(admin)\audit-logs\components\AuditWatchList.tsx","77","<p className=""mt-1 text-xs text-red-700/80 dark:text-red-200/80"">"
"D:\projects\admin-dashboard\app\(admin)\audit-logs\components\AuditWatchList.tsx","81","<p className=""mt-1 truncate text-xs text-red-700/60 dark:text-red-200/60"">"
"D:\projects\admin-dashboard\app\(admin)\audit-logs\components\AuditWatchList.tsx","87","<p className=""text-sm text-red-700/70 dark:text-red-200/70"">"
"D:\projects\admin-dashboard\app\(admin)\audit-logs\components\SelectField.tsx","18","className=""mb-2 block text-xs uppercase tracking-[0.15em] text-slate-500 dark:text-slate-400"""
"D:\projects\admin-dashboard\app\(admin)\audit-logs\components\SelectField.tsx","28","className=""w-full rounded-2xl border border-white/50 bg-white/70 px-4 py-3 text-sm outline-none backdrop-blur-xl transition focus:border-blue-400/60 focus:ring-4 focus:ring-blue-500/10 dark:border-white/10 dark:bg-black/20"""
"D:\projects\admin-dashboard\app\(admin)\audit-logs\components\SelectField.tsx","31","<option key={option.value} value={option.value} className=""bg-white text-slate-950 dark:bg-slate-950 dark:text-white"">"
"D:\projects\admin-dashboard\app\(admin)\audit-logs\components\SummaryCard.tsx","14","? ""border-red-500/20 bg-red-500/10"""
"D:\projects\admin-dashboard\app\(admin)\audit-logs\components\SummaryCard.tsx","18","<p className=""text-xs uppercase tracking-[0.18em] text-slate-500 dark:text-slate-400"">"
"D:\projects\admin-dashboard\app\(admin)\audit-logs\page.tsx","289","<div className=""relative flex items-center gap-3 p-6 text-slate-300"">"
"D:\projects\admin-dashboard\app\(admin)\audit-logs\page.tsx","290","<Loader2 className=""h-5 w-5 animate-spin text-sky-200"" />"
"D:\projects\admin-dashboard\app\(admin)\audit-logs\page.tsx","315","<div className=""rounded-3xl border border-red-500/20 bg-red-500/10 px-6 py-5 text-sm text-red-300 shadow-[0_0_35px_rgba(239,68,68,0.18)]"">"
"D:\projects\admin-dashboard\app\(admin)\audit-logs\page.tsx","333","<div className={""inline-flex items-center gap-2 rounded-full border border-white/10 bg-white/10 px-3 py-1 text-xs font-semibold uppercase tracking-[0.18em] text-slate-200 shadow-sm backdrop-blur-xl""}>"
"D:\projects\admin-dashboard\app\(admin)\audit-logs\page.tsx","345","<p className=""mt-3 max-w-3xl text-sm leading-7 text-slate-300"">"
"D:\projects\admin-dashboard\app\(admin)\audit-logs\page.tsx","369","className={""inline-flex items-center justify-center gap-2 rounded-2xl border border-white/10 bg-transparent px-4 py-2 text-sm font-semibold text-slate-300 transition hover:bg-white/10 hover:text-white disabled:cursor-not-allowed disabled:opacity-50""}"
"D:\projects\admin-dashboard\app\(admin)\audit-logs\page.tsx","382","className={""inline-flex items-center justify-center gap-2 rounded-2xl bg-cyan-300 px-5 py-3 text-sm font-bold text-slate-950 shadow-lg shadow-cyan-500/20 transition hover:bg-cyan-200 disabled:cursor-not-allowed disabled:opacity-50""}"
"D:\projects\admin-dashboard\app\(admin)\command-center\components\CommandHero.tsx","10","<section className=""rounded-3xl border border-white/10 bg-gradient-to-br from-white/[0.08] via-neutral-950/90 to-red-950/30 p-6 shadow-2xl shadow-black/30 backdrop-blur-2xl"">"
"D:\projects\admin-dashboard\app\(admin)\command-center\components\CommandHero.tsx","13","<p className=""text-sm font-semibold uppercase tracking-[0.3em] text-red-300"">"
"D:\projects\admin-dashboard\app\(admin)\command-center\components\CommandHero.tsx","21","<p className=""mt-3 max-w-3xl text-sm leading-6 text-neutral-300"">"
"D:\projects\admin-dashboard\app\(admin)\command-center\components\CommandHero.tsx","28","<div className=""rounded-2xl border border-white/10 bg-black/30 px-4 py-3 text-sm text-neutral-300 backdrop-blur-xl"">"
"D:\projects\admin-dashboard\app\(admin)\command-center\components\EmptyState.tsx","7","<div className=""rounded-2xl border border-dashed border-white/10 bg-white/[0.03] p-6 text-sm leading-6 text-neutral-400"">"
"D:\projects\admin-dashboard\app\(admin)\command-center\components\HospiceList.tsx","24","<p className=""mt-1 text-sm text-neutral-400"">"
"D:\projects\admin-dashboard\app\(admin)\command-center\components\HospiceList.tsx","29","<span className=""text-neutral-400"">Status</span>"
"D:\projects\admin-dashboard\app\(admin)\command-center\components\IssueList.tsx","29","<p className=""mt-1 text-sm text-neutral-400"">"
"D:\projects\admin-dashboard\app\(admin)\command-center\components\IssueList.tsx","45","<p className=""mt-3 text-sm leading-6 text-neutral-300"">"
"D:\projects\admin-dashboard\app\(admin)\command-center\components\JarvisPanel.tsx","96","""border border-cyan-200/40 bg-cyan-300/10"","
"D:\projects\admin-dashboard\app\(admin)\command-center\components\JarvisPanel.tsx","99","<div className=""absolute h-full w-full rounded-2xl bg-cyan-300/5 blur-md"" />"
"D:\projects\admin-dashboard\app\(admin)\command-center\components\Panel.tsx","20","<p className=""mt-1 text-sm text-neutral-400"">{subtitle}</p>"
"D:\projects\admin-dashboard\app\(admin)\command-center\components\RecallList.tsx","27","<p className=""mt-1 text-sm text-neutral-400"">"
"D:\projects\admin-dashboard\app\(admin)\command-center\components\StatCard.tsx","13","? ""from-red-500/20 to-red-950/20 text-red-200"""
"D:\projects\admin-dashboard\app\(admin)\command-center\components\StatCard.tsx","15","? ""from-orange-500/20 to-orange-950/20 text-orange-200"""
"D:\projects\admin-dashboard\app\(admin)\command-center\components\StatCard.tsx","17","? ""from-yellow-500/20 to-yellow-950/20 text-yellow-200"""
"D:\projects\admin-dashboard\app\(admin)\command-center\components\StatCard.tsx","18",": ""from-blue-500/20 to-blue-950/20 text-blue-200"";"
"D:\projects\admin-dashboard\app\(admin)\command-center\components\StatCard.tsx","28","<p className=""text-sm text-neutral-400"">{title}</p>"
"D:\projects\admin-dashboard\app\(admin)\command-center\components\TaskList.tsx","29","<p className=""mt-1 text-sm text-neutral-400"">"
"D:\projects\admin-dashboard\app\(admin)\command-center\components\TaskList.tsx","45","<p className=""mt-3 text-sm leading-6 text-neutral-300"">"
"D:\projects\admin-dashboard\app\(admin)\command-center\components\TaskList.tsx","51","<p className=""mt-3 text-xs font-semibold uppercase tracking-wide text-red-300"">"
"D:\projects\admin-dashboard\app\(admin)\command-center\utils\commandCenterFormat.ts","14","return ""border-red-500/40 bg-red-500/10 text-red-200"";"
"D:\projects\admin-dashboard\app\(admin)\command-center\utils\commandCenterFormat.ts","17","return ""border-orange-500/40 bg-orange-500/10 text-orange-200"";"
"D:\projects\admin-dashboard\app\(admin)\command-center\utils\commandCenterFormat.ts","21","return ""border-yellow-500/40 bg-yellow-500/10 text-yellow-200"";"
"D:\projects\admin-dashboard\app\(admin)\command-center\utils\commandCenterFormat.ts","25","return ""border-blue-500/40 bg-blue-500/10 text-blue-200"";"
"D:\projects\admin-dashboard\app\(admin)\command-center\utils\commandCenterFormat.ts","29","return ""border-emerald-500/40 bg-emerald-500/10 text-emerald-200"";"
"D:\projects\admin-dashboard\app\(admin)\command-center\utils\commandCenterFormat.ts","32","return ""border-white/10 bg-white/5 text-neutral-300"";"
"D:\projects\admin-dashboard\app\(admin)\command-center\page.tsx","117","icon={<Stethoscope className=""h-5 w-5 text-sky-200"" />}"
"D:\projects\admin-dashboard\app\(admin)\command-center\page.tsx","125","icon={<ClipboardList className=""h-5 w-5 text-sky-200"" />}"
"D:\projects\admin-dashboard\app\(admin)\command-center\page.tsx","138","icon={<HeartPulse className=""h-5 w-5 text-sky-200"" />}"
"D:\projects\admin-dashboard\app\(admin)\command-center\page.tsx","146","icon={<Wrench className=""h-5 w-5 text-sky-200"" />}"
"D:\projects\admin-dashboard\app\(admin)\dashboard\components\DashboardHero.tsx","52","<div className={`${glass.inset} relative z-10 mt-5 p-4 text-sm text-rose-200`}>"
"D:\projects\admin-dashboard\app\(admin)\inventory\components\fields\ScanInput.tsx","23","<label htmlFor={inputId} className=""mb-2 block text-sm text-slate-300"">"
"D:\projects\admin-dashboard\app\(admin)\inventory\components\fields\ScanInput.tsx","35","className=""w-full rounded-2xl border border-white/10 bg-black/45 px-4 py-3 text-white outline-none placeholder:text-slate-600 shadow-inner shadow-black/20 backdrop-blur-xl transition focus:border-white/30 focus:bg-black/55"""
"D:\projects\admin-dashboard\app\(admin)\inventory\components\fields\SearchInput.tsx","13","<Search className=""pointer-events-none absolute left-3 top-3.5 h-4 w-4 text-slate-500"" />"
"D:\projects\admin-dashboard\app\(admin)\inventory\components\fields\SearchInput.tsx","21","className=""w-full rounded-2xl border border-white/10 bg-black/45 py-3 pl-10 pr-4 text-sm text-white outline-none placeholder:text-slate-600 shadow-inner shadow-black/20 backdrop-blur-xl transition focus:border-white/30 focus:bg-black/55"""
"D:\projects\admin-dashboard\app\(admin)\inventory\components\fields\SelectInput.tsx","24","<label htmlFor={selectId} className=""mb-2 block text-sm text-slate-300"">"
"D:\projects\admin-dashboard\app\(admin)\inventory\components\fields\Textarea.tsx","16","<label htmlFor={textareaId} className=""mb-2 block text-sm text-slate-300"">"
"D:\projects\admin-dashboard\app\(admin)\inventory\components\fields\Textarea.tsx","28","className=""w-full resize-none rounded-2xl border border-white/10 bg-black/45 px-4 py-3 text-white outline-none placeholder:text-slate-600 shadow-inner shadow-black/20 backdrop-blur-xl transition focus:border-white/30 focus:bg-black/55"""
"D:\projects\admin-dashboard\app\(admin)\inventory\components\fields\TextInput.tsx","24","<label htmlFor={inputId} className=""mb-2 block text-sm text-slate-300"">"
"D:\projects\admin-dashboard\app\(admin)\inventory\components\fields\TextInput.tsx","37","className=""w-full rounded-2xl border border-white/10 bg-black/45 px-4 py-3 text-white outline-none placeholder:text-slate-600 shadow-inner shadow-black/20 backdrop-blur-xl transition focus:border-white/30 focus:bg-black/55"""
"D:\projects\admin-dashboard\app\(admin)\inventory\components\InventoryBatchActions.tsx","35","className=""rounded-2xl border border-yellow-500/20 bg-yellow-500/10 px-4 py-2 text-sm text-yellow-200 shadow-lg shadow-black/20 backdrop-blur-xl transition hover:bg-yellow-500/20 disabled:cursor-not-allowed disabled:opacity-40"""
"D:\projects\admin-dashboard\app\(admin)\inventory\components\InventoryBatchActions.tsx","44","className=""rounded-2xl border border-red-500/20 bg-red-500/10 px-4 py-2 text-sm text-red-300 shadow-lg shadow-black/20 backdrop-blur-xl transition hover:bg-red-500/20 disabled:cursor-not-allowed disabled:opacity-40"""
"D:\projects\admin-dashboard\app\(admin)\inventory\components\InventoryBatchActions.tsx","49","<span className=""rounded-2xl border border-white/10 bg-black/40 px-4 py-2 text-sm text-slate-400 shadow-inner shadow-black/20 backdrop-blur-xl"">"
"D:\projects\admin-dashboard\app\(admin)\inventory\components\InventoryEmptyState.tsx","9","<ClipboardList className=""h-6 w-6 text-slate-300"" />"
"D:\projects\admin-dashboard\app\(admin)\inventory\components\InventoryEmptyState.tsx","14","<p className=""mt-1 text-sm text-slate-400"">"
"D:\projects\admin-dashboard\app\(admin)\inventory\components\InventoryForm.tsx","79","<p className=""text-sm text-slate-400"">"
"D:\projects\admin-dashboard\app\(admin)\inventory\components\InventoryForm.tsx","380","<div className=""rounded-2xl border border-white/10 bg-black/40 p-4 text-sm text-slate-300 shadow-inner shadow-black/20 backdrop-blur-xl"">"
"D:\projects\admin-dashboard\app\(admin)\inventory\components\InventoryHeader.tsx","27","<p className=""text-sm text-slate-300"">"
"D:\projects\admin-dashboard\app\(admin)\inventory\components\InventoryHeader.tsx","32","<p className=""mt-1 text-xs text-slate-500"">"
"D:\projects\admin-dashboard\app\(admin)\inventory\components\InventoryLoadingState.tsx","8","<div className=""flex items-center gap-2 text-sm text-slate-300"">"
"D:\projects\admin-dashboard\app\(admin)\inventory\components\InventoryPills.tsx","7","<span className=""inline-flex rounded-full border border-white/10 bg-white/10 px-3 py-1 text-xs capitalize text-slate-200 shadow-sm backdrop-blur-xl"">"
"D:\projects\admin-dashboard\app\(admin)\inventory\components\InventoryPills.tsx","15","<span className=""inline-flex rounded-full border border-yellow-500/20 bg-yellow-500/10 px-3 py-1 text-xs text-yellow-200 shadow-sm backdrop-blur-xl"">"
"D:\projects\admin-dashboard\app\(admin)\inventory\components\InventoryStats.tsx","50","? ""border-yellow-500/20 bg-yellow-500/10"""
"D:\projects\admin-dashboard\app\(admin)\inventory\components\InventoryStats.tsx","57","<AlertTriangle className=""h-5 w-5 text-yellow-300"" />"
"D:\projects\admin-dashboard\app\(admin)\inventory\components\InventoryStats.tsx","59","<Boxes className=""h-5 w-5 text-slate-100"" />"
"D:\projects\admin-dashboard\app\(admin)\inventory\components\InventoryStats.tsx","64","<p className=""text-sm text-slate-400"">{label}</p>"
"D:\projects\admin-dashboard\app\(admin)\inventory\components\InventoryTable.tsx","32","<thead className=""bg-white/5 text-slate-400 backdrop-blur-xl"">"
"D:\projects\admin-dashboard\app\(admin)\inventory\page.tsx","207","<div className=""rounded-3xl border border-red-500/20 bg-red-500/10 px-6 py-5 text-sm text-red-300 shadow-[0_0_35px_rgba(239,68,68,0.18)]"">"
"D:\projects\admin-dashboard\app\(admin)\inventory\page.tsx","225","<div className={""inline-flex items-center gap-2 rounded-full border border-white/10 bg-white/10 px-3 py-1 text-xs font-semibold uppercase tracking-[0.18em] text-slate-200 shadow-sm backdrop-blur-xl""}>"
"D:\projects\admin-dashboard\app\(admin)\inventory\page.tsx","237","<p className=""mt-3 max-w-3xl text-sm leading-7 text-slate-300"">"
"D:\projects\admin-dashboard\app\(admin)\inventory\page.tsx","257","<div className={""flex h-12 w-12 items-center justify-center rounded-2xl border border-white/10 bg-white/10 text-cyan-200 shadow-lg shadow-cyan-500/10 backdrop-blur-xl""}>"
"D:\projects\admin-dashboard\app\(admin)\inventory\page.tsx","267","<span className={""inline-flex items-center gap-2 rounded-full border border-white/10 bg-white/10 px-3 py-1 text-xs font-semibold uppercase tracking-[0.18em] text-slate-200 shadow-sm backdrop-blur-xl""}>"
"D:\projects\admin-dashboard\app\(admin)\inventory\page.tsx","268","<span className=""h-2 w-2 animate-pulse rounded-full bg-sky-200 shadow-[0_0_10px_rgba(186,230,253,0.9)]"" />"
"D:\projects\admin-dashboard\app\(admin)\inventory\page.tsx","274","<p className=""mt-1 text-xs text-slate-500"">"
"D:\projects\admin-dashboard\app\(admin)\inventory\page.tsx","282","<div className=""mt-4 flex items-center gap-2 rounded-2xl border border-white/10 bg-black/20 px-3 py-2 text-xs text-slate-400"">"
"D:\projects\admin-dashboard\app\(admin)\inventory\page.tsx","283","<ScanLine className=""h-3.5 w-3.5 text-sky-200"" />"
"D:\projects\admin-dashboard\app\(admin)\inventory\page.tsx","357","<p className=""mt-2 text-sm text-slate-400"">"
"D:\projects\admin-dashboard\app\(admin)\orders\components\ImportPanel.tsx","39","<ShieldCheck className=""h-5 w-5 shrink-0 text-cyan-200"" aria-hidden />"
"D:\projects\admin-dashboard\app\(admin)\orders\components\ImportPanel.tsx","55","<span className=""text-cyan-300"">"
"D:\projects\admin-dashboard\app\(admin)\orders\components\ImportPanel.tsx","60","<ul className=""mt-1 list-inside list-disc text-xs text-cyan-200/80"">"
"D:\projects\admin-dashboard\app\(admin)\orders\components\ImportPanel.tsx","75","<p className=""mt-2 text-sm font-medium text-cyan-200"">"
"D:\projects\admin-dashboard\app\(admin)\orders\components\OrderModal.tsx","272","{required ? <span className=""text-rose-300""> *</span> : null}"
"D:\projects\admin-dashboard\app\(admin)\orders\components\OrdersHeader.tsx","25","<div className=""inline-flex items-center gap-2 rounded-full border border-cyan-400/25 bg-cyan-400/10 px-3 py-1 text-xs font-semibold text-cyan-200 shadow-lg shadow-cyan-950/20 backdrop-blur-xl"">"
"D:\projects\admin-dashboard\app\(admin)\orders\components\OrdersHeader.tsx","34","<p className=""mt-1 max-w-3xl text-sm text-zinc-400"">"
"D:\projects\admin-dashboard\app\(admin)\orders\components\OrdersHeader.tsx","49","className=""pointer-events-none absolute left-3 top-1/2 h-4 w-4 -translate-y-1/2 text-zinc-500"""
"D:\projects\admin-dashboard\app\(admin)\orders\components\OrdersSummaryGrid.tsx","25","tone: ""text-blue-200"","
"D:\projects\admin-dashboard\app\(admin)\orders\components\OrdersSummaryGrid.tsx","31","tone: ""text-cyan-200"","
"D:\projects\admin-dashboard\app\(admin)\orders\components\OrdersSummaryGrid.tsx","37","tone: ""text-emerald-200"","
"D:\projects\admin-dashboard\app\(admin)\orders\components\OrdersSummaryGrid.tsx","43","tone: ""text-rose-200"","
"D:\projects\admin-dashboard\app\(admin)\orders\components\OrdersSummaryGrid.tsx","49","tone: ""text-zinc-300"","
"D:\projects\admin-dashboard\app\(admin)\orders\components\OrdersTabs.tsx","31","? ""border-cyan-400/35 bg-cyan-400/15 text-cyan-100"""
"D:\projects\admin-dashboard\app\(admin)\orders\components\OrdersTabs.tsx","32",": ""border-white/10 bg-white/[0.05] text-zinc-300 hover:bg-white/[0.09]"""
"D:\projects\admin-dashboard\app\(admin)\orders\components\SmartCommandStrip.tsx","35","<ShieldAlert className=""h-5 w-5 text-cyan-200"" aria-hidden={true} />"
"D:\projects\admin-dashboard\app\(admin)\orders\components\SmartCommandStrip.tsx","39","<p className=""mt-1 text-sm text-zinc-400"">"
"D:\projects\admin-dashboard\app\(admin)\orders\components\SmartCommandStrip.tsx","94","? ""border-cyan-400/25 bg-cyan-400/10 hover:bg-cyan-400/15"""
"D:\projects\admin-dashboard\app\(admin)\orders\components\SmartFiltersPanel.tsx","36","<Filter className=""h-5 w-5 text-zinc-300"" aria-hidden={true} />"
"D:\projects\admin-dashboard\app\(admin)\orders\components\SmartFiltersPanel.tsx","40","<p className=""mt-1 text-sm text-zinc-400"">"
"D:\projects\admin-dashboard\app\(admin)\orders\components\SmartFiltersPanel.tsx","183","? ""border-cyan-400/30 bg-cyan-400/15 text-cyan-100"""
"D:\projects\admin-dashboard\app\(admin)\orders\components\SmartFiltersPanel.tsx","184",": ""border-white/10 bg-white/[0.05] text-zinc-300 hover:bg-white/[0.09]"""
"D:\projects\admin-dashboard\app\(admin)\orders\components\SmartReviewBadges.tsx","13","<span className=""inline-flex items-center gap-1 rounded-full border border-emerald-400/25 bg-emerald-400/10 px-2.5 py-1 text-xs font-semibold text-emerald-100"">"
"D:\projects\admin-dashboard\app\(admin)\orders\components\SmartReviewBadges.tsx","25","className=""inline-flex items-center gap-1 rounded-full border border-amber-400/25 bg-amber-400/10 px-2.5 py-1 text-xs font-semibold text-amber-100"""
"D:\projects\admin-dashboard\app\(admin)\orders\components\SmartReviewBadges.tsx","33","<span className=""inline-flex rounded-full border border-white/10 bg-white/[0.06] px-2.5 py-1 text-xs font-semibold text-zinc-300"">"
"D:\projects\admin-dashboard\app\(admin)\orders\components\StatusBadge.tsx","7","processing: ""border-blue-400/25 bg-blue-400/10 text-blue-100"","
"D:\projects\admin-dashboard\app\(admin)\orders\components\StatusBadge.tsx","8","ready: ""border-cyan-400/25 bg-cyan-400/10 text-cyan-100"","
"D:\projects\admin-dashboard\app\(admin)\orders\components\StatusBadge.tsx","9","delivered: ""border-emerald-400/25 bg-emerald-400/10 text-emerald-100"","
"D:\projects\admin-dashboard\app\(admin)\orders\components\StatusBadge.tsx","10","cancelled: ""border-rose-400/25 bg-rose-400/10 text-rose-100"","
"D:\projects\admin-dashboard\app\(admin)\orders\components\StatusBadge.tsx","11","archived: ""border-zinc-400/20 bg-zinc-400/10 text-zinc-200"","
"D:\projects\admin-dashboard\app\(admin)\orders\lib\orderUi.ts","8","""inline-flex items-center justify-center gap-2 rounded-2xl border border-white/10 bg-white/[0.06] px-4 py-2 text-sm font-semibold text-slate-100 shadow-sm transition hover:bg-white/[0.10] focus:outline-none focus:ring-2 focus:ring-cyan-400/40 disabled:cursor-not-allowed disabled:opacity-50"";"
"D:\projects\admin-dashboard\app\(admin)\orders\lib\orderUi.ts","11","""inline-flex items-center justify-center gap-2 rounded-2xl border border-cyan-300/30 bg-cyan-400/15 px-4 py-2 text-sm font-semibold text-cyan-100 shadow-sm transition hover:bg-cyan-400/25 focus:outline-none focus:ring-2 focus:ring-cyan-300/50 disabled:cursor-not-allowed disabled:opacity-50"";"
"D:\projects\admin-dashboard\app\(admin)\orders\lib\orderUi.ts","14","""w-full rounded-2xl border border-white/10 bg-white/[0.06] px-4 py-2.5 text-sm text-slate-100 outline-none placeholder:text-slate-500 transition focus:border-cyan-300/40 focus:ring-2 focus:ring-cyan-400/20"";"
"D:\projects\admin-dashboard\app\(admin)\orders\lib\orderUi.ts","17","""w-full rounded-2xl border border-white/10 bg-slate-950/60 px-4 py-2.5 text-sm text-slate-100 outline-none transition focus:border-cyan-300/40 focus:ring-2 focus:ring-cyan-400/20"";"
"D:\projects\admin-dashboard\app\(admin)\orders\lib\orderUi.ts","20","""text-xs font-semibold uppercase tracking-[0.22em] text-slate-500"";"
"D:\projects\admin-dashboard\app\(admin)\orders\lib\orderUi.ts","23","""text-xs font-medium text-slate-400"";"
"D:\projects\admin-dashboard\app\(admin)\orders\page.tsx","246","<div className=""rounded-3xl border border-red-500/20 bg-red-500/10 px-6 py-5 text-sm text-red-300 shadow-[0_0_35px_rgba(239,68,68,0.18)]"">"
"D:\projects\admin-dashboard\app\(admin)\orders\page.tsx","266","<div className=""inline-flex items-center gap-2 rounded-full border border-white/10 bg-white/10 px-3 py-1 text-xs font-semibold uppercase tracking-[0.18em] text-slate-200 shadow-sm backdrop-blur-xl"">"
"D:\projects\admin-dashboard\app\(admin)\orders\page.tsx","274","<p className=""mt-3 max-w-3xl text-sm leading-7 text-slate-300"">"
"D:\projects\admin-dashboard\app\(admin)\orders\page.tsx","286","<div className=""flex h-12 w-12 items-center justify-center rounded-2xl border border-white/10 bg-white/10 text-cyan-200 shadow-lg shadow-cyan-500/10 backdrop-blur-xl"">"
"D:\projects\admin-dashboard\app\(admin)\orders\page.tsx","296","<span className=""inline-flex items-center gap-2 rounded-full border border-white/10 bg-white/10 px-3 py-1 text-xs font-semibold uppercase tracking-[0.18em] text-slate-200 shadow-sm backdrop-blur-xl"">"
"D:\projects\admin-dashboard\app\(admin)\orders\page.tsx","297","<span className=""h-2 w-2 animate-pulse rounded-full bg-sky-200 shadow-[0_0_10px_rgba(186,230,253,0.9)]"" />"
"D:\projects\admin-dashboard\app\(admin)\orders\page.tsx","302","<p className=""mt-1 text-xs text-slate-500"">"
"D:\projects\admin-dashboard\app\(admin)\orders\page.tsx","308","<div className=""mt-4 flex items-center gap-2 rounded-2xl border border-white/10 bg-black/20 px-3 py-2 text-xs text-slate-400"">"
"D:\projects\admin-dashboard\app\(admin)\orders\page.tsx","309","<ClipboardList className=""h-3.5 w-3.5 text-sky-200"" />"
"D:\projects\admin-dashboard\app\(admin)\orders\page.tsx","408","className=""inline-flex items-center justify-center gap-2 rounded-2xl bg-cyan-300 px-5 py-3 text-sm font-bold text-slate-950 shadow-lg shadow-cyan-500/20 transition hover:bg-cyan-200 disabled:cursor-not-allowed disabled:opacity-50"""
"D:\projects\admin-dashboard\app\(admin)\products\components\ProductBadges.tsx","20","return <span className=""text-xs text-slate-500"">Clean</span>;"
"D:\projects\admin-dashboard\app\(admin)\products\components\ProductBadges.tsx","36","? ""rounded-full border border-amber-300/20 bg-amber-300/10 px-2 py-1 text-xs text-amber-200"""
"D:\projects\admin-dashboard\app\(admin)\products\components\ProductBadges.tsx","37",": ""rounded-full border border-white/10 bg-white/[0.08] px-2 py-1 text-xs text-slate-300"""
"D:\projects\admin-dashboard\app\(admin)\products\components\ProductBadges.tsx","51","<span className=""rounded-full border border-red-400/20 bg-red-400/10 px-3 py-1 text-xs font-semibold text-red-200"">"
"D:\projects\admin-dashboard\app\(admin)\products\components\ProductBadges.tsx","59","<span className=""rounded-full border border-amber-300/20 bg-amber-300/10 px-3 py-1 text-xs font-semibold text-amber-200"">"
"D:\projects\admin-dashboard\app\(admin)\products\components\ProductBadges.tsx","66","<span className=""rounded-full border border-emerald-300/20 bg-emerald-300/10 px-3 py-1 text-xs font-semibold text-emerald-200"">"
"D:\projects\admin-dashboard\app\(admin)\products\components\ProductBadges.tsx","78","active: ""border-emerald-300/20 bg-emerald-300/10 text-emerald-200"","
"D:\projects\admin-dashboard\app\(admin)\products\components\ProductBadges.tsx","79","inactive: ""border-slate-300/20 bg-slate-300/10 text-slate-200"","
"D:\projects\admin-dashboard\app\(admin)\products\components\ProductBadges.tsx","80","discontinued: ""border-red-400/20 bg-red-400/10 text-red-200"","
"D:\projects\admin-dashboard\app\(admin)\products\components\ProductCatalog.tsx","40","<div className=""min-w-0 rounded-2xl border border-white/10 bg-white/[0.05] p-4 text-slate-300 shadow-xl shadow-black/20 backdrop-blur-xl"">"
"D:\projects\admin-dashboard\app\(admin)\products\components\ProductCatalog.tsx","51","<div className=""min-w-0 rounded-2xl border border-white/10 bg-white/[0.05] p-6 text-center text-sm text-slate-400 shadow-xl shadow-black/20 backdrop-blur-xl"">"
"D:\projects\admin-dashboard\app\(admin)\products\components\ProductCatalog.tsx","62","<thead className=""sticky top-0 z-20 bg-slate-950/95 text-slate-300 shadow-lg shadow-black/40 backdrop-blur-xl"">"
"D:\projects\admin-dashboard\app\(admin)\products\components\ProductCatalog.tsx","77","<th className=""sticky right-0 z-30 w-[130px] bg-slate-950/95 px-4 py-3 text-right font-semibold shadow-[-14px_0_20px_rgba(0,0,0,0.45)]"">"
"D:\projects\admin-dashboard\app\(admin)\products\components\ProductCatalog.tsx","118","className=""inline-flex min-h-11 items-center justify-center gap-2 rounded-2xl border border-white/10 bg-white/[0.08] px-5 py-3 text-sm font-semibold text-white shadow-lg shadow-black/20 transition hover:bg-white/[0.14] focus:outline-none focus:ring-2 focus:ring-cyan-300/40 disabled:cursor-not-allowed disabled:opacity-50"""
"D:\projects\admin-dashboard\app\(admin)\products\components\ProductFilters.tsx","66","<div className=""mb-3 flex items-center gap-2 text-sm font-semibold text-slate-300"">"
"D:\projects\admin-dashboard\app\(admin)\products\components\ProductFilters.tsx","215","className=""inline-flex items-center gap-2 rounded-2xl border border-red-400/20 bg-red-400/10 px-4 py-2 text-sm text-red-200 transition hover:bg-red-400/20 disabled:cursor-not-allowed disabled:opacity-50"""
"D:\projects\admin-dashboard\app\(admin)\products\components\ProductFilters.tsx","226","<span className=""rounded-2xl border border-white/10 bg-black/30 px-4 py-2 text-sm text-slate-400"">"
"D:\projects\admin-dashboard\app\(admin)\products\components\ProductFilters.tsx","231","<span className=""rounded-2xl border border-white/10 bg-black/30 px-4 py-2 text-sm text-slate-400"">"
"D:\projects\admin-dashboard\app\(admin)\products\components\ProductForm.tsx","72","<Pencil className=""h-5 w-5 text-sky-100"" />"
"D:\projects\admin-dashboard\app\(admin)\products\components\ProductForm.tsx","74","<Plus className=""h-5 w-5 text-sky-100"" />"
"D:\projects\admin-dashboard\app\(admin)\products\components\ProductForm.tsx","83","<p className=""text-sm text-slate-400"">"
"D:\projects\admin-dashboard\app\(admin)\products\components\ProductForm.tsx","91","<div className=""mb-5 rounded-2xl border border-amber-300/20 bg-amber-300/10 p-4 text-sm text-amber-100"">"
"D:\projects\admin-dashboard\app\(admin)\products\components\ProductForm.tsx","97","<ul className=""list-inside list-disc space-y-1 text-amber-100/80"">"
"D:\projects\admin-dashboard\app\(admin)\products\components\ProductForm.tsx","207","className=""mb-2 block text-sm text-slate-200/80"""
"D:\projects\admin-dashboard\app\(admin)\products\components\ProductForm.tsx","219","className=""w-full rounded-2xl border border-white/10 bg-white/[0.06] px-4 py-3 text-white shadow-inner shadow-black/20 outline-none backdrop-blur-xl transition placeholder:text-slate-500 focus:border-sky-300/50 focus:bg-white/[0.09]"""
"D:\projects\admin-dashboard\app\(admin)\products\components\ProductForm.tsx","461","className=""mb-2 block text-sm text-slate-200/80"""
"D:\projects\admin-dashboard\app\(admin)\products\components\ProductForm.tsx","473","className=""w-full rounded-2xl border border-white/10 bg-white/[0.06] px-4 py-3 text-white shadow-inner shadow-black/20 outline-none backdrop-blur-xl transition placeholder:text-slate-500 focus:border-sky-300/50 focus:bg-white/[0.09]"""
"D:\projects\admin-dashboard\app\(admin)\products\components\ProductForm.tsx","482","className=""inline-flex flex-1 items-center justify-center gap-2 rounded-2xl bg-white px-4 py-3 text-sm font-semibold text-slate-950 transition hover:bg-sky-100 disabled:cursor-not-allowed disabled:opacity-50"""
"D:\projects\admin-dashboard\app\(admin)\products\components\ProductHero.tsx","27","<Package2 className=""h-7 w-7 text-sky-100"" />"
"D:\projects\admin-dashboard\app\(admin)\products\components\ProductHero.tsx","35","<p className=""mt-1 max-w-4xl text-pretty text-sm leading-6 text-slate-400"">"
"D:\projects\admin-dashboard\app\(admin)\products\components\ProductHero.tsx","49","className=""inline-flex min-h-11 items-center justify-center gap-2 rounded-2xl border border-white/10 bg-white/[0.08] px-5 py-3 text-sm font-semibold text-white shadow-lg shadow-black/20 transition hover:bg-white/[0.14] focus:outline-none focus:ring-2 focus:ring-cyan-300/40 disabled:cursor-not-allowed disabled:opacity-50"""
"D:\projects\admin-dashboard\app\(admin)\products\components\ProductHero.tsx","65","className=""inline-flex min-h-11 items-center justify-center gap-2 rounded-2xl border border-red-400/20 bg-red-400/10 px-5 py-3 text-sm font-semibold text-red-200 shadow-lg shadow-black/20 transition hover:bg-red-400/20 focus:outline-none focus:ring-2 focus:ring-red-300/30 disabled:cursor-not-allowed disabled:opacity-50"""
"D:\projects\admin-dashboard\app\(admin)\products\components\ProductInputs.tsx","32","className=""mb-2 block text-sm font-medium text-slate-200/80"""
"D:\projects\admin-dashboard\app\(admin)\products\components\ProductInputs.tsx","49","className=""min-h-11 w-full min-w-0 rounded-2xl border border-white/10 bg-white/[0.06] px-4 py-3 text-sm text-white shadow-inner shadow-black/20 outline-none backdrop-blur-xl transition placeholder:text-slate-500 focus:border-sky-300/50 focus:bg-white/[0.09] focus:ring-2 focus:ring-sky-300/20"""
"D:\projects\admin-dashboard\app\(admin)\products\components\ProductInputs.tsx","74","className=""mb-2 block text-sm font-medium text-slate-200/80"""
"D:\projects\admin-dashboard\app\(admin)\products\components\ProductInputs.tsx","86","className=""min-h-11 w-full min-w-0 rounded-2xl border border-white/10 bg-slate-950/70 px-4 py-3 text-sm text-white shadow-inner shadow-black/20 outline-none backdrop-blur-xl transition focus:border-sky-300/50 focus:bg-slate-950/80 focus:ring-2 focus:ring-sky-300/20"""
"D:\projects\admin-dashboard\app\(admin)\products\components\ProductInputs.tsx","89","<option key={optionValue} value={optionValue} className=""bg-slate-950"">"
"D:\projects\admin-dashboard\app\(admin)\products\components\ProductInputs.tsx","117","className=""mb-2 block text-xs font-medium text-slate-400"""
"D:\projects\admin-dashboard\app\(admin)\products\components\ProductInputs.tsx","129","className=""min-h-11 w-full min-w-0 rounded-2xl border border-white/10 bg-slate-950/70 px-3 py-3 text-sm text-white shadow-inner shadow-black/20 outline-none backdrop-blur-xl transition focus:border-sky-300/50 focus:bg-slate-950/80 focus:ring-2 focus:ring-sky-300/20"""
"D:\projects\admin-dashboard\app\(admin)\products\components\ProductInputs.tsx","132","<option key={optionValue} value={optionValue} className=""bg-slate-950"">"
"D:\projects\admin-dashboard\app\(admin)\products\components\ProductInputs.tsx","157","className=""flex min-w-0 cursor-pointer items-center gap-3 rounded-2xl border border-white/10 bg-white/[0.05] px-4 py-3 text-sm text-slate-200 backdrop-blur-xl transition hover:bg-white/[0.08]"""
"D:\projects\admin-dashboard\app\(admin)\products\components\ProductMobileCard.tsx","55","<div className=""mt-1 min-w-0 break-words text-xs leading-5 text-slate-500"">"
"D:\projects\admin-dashboard\app\(admin)\products\components\ProductMobileCard.tsx","59","<div className=""mt-3 grid min-w-0 gap-2 text-xs text-slate-300"">"
"D:\projects\admin-dashboard\app\(admin)\products\components\ProductMobileCard.tsx","78","className=""inline-flex min-h-10 min-w-0 items-center justify-center gap-2 rounded-xl border border-white/10 bg-white/[0.08] px-3 py-2 text-sm font-medium text-slate-100 transition hover:bg-white/[0.14] focus:outline-none focus:ring-2 focus:ring-sky-300/30"""
"D:\projects\admin-dashboard\app\(admin)\products\components\ProductMobileCard.tsx","88","className=""inline-flex min-h-10 min-w-0 items-center justify-center gap-2 rounded-xl border border-red-400/20 bg-red-400/10 px-3 py-2 text-sm font-medium text-red-200 transition hover:bg-red-400/20 focus:outline-none focus:ring-2 focus:ring-red-300/30"""
"D:\projects\admin-dashboard\app\(admin)\products\components\ProductMobileCard.tsx","114","<span className=""shrink-0 text-slate-500"">{label}</span>"
"D:\projects\admin-dashboard\app\(admin)\products\components\ProductMobileCard.tsx","115","<span className=""min-w-0 break-words text-right text-slate-300"">"
"D:\projects\admin-dashboard\app\(admin)\products\components\ProductStatsGrid.tsx","81","<Icon className=""h-5 w-5 text-sky-100"" aria-hidden=""true"" />"
"D:\projects\admin-dashboard\app\(admin)\products\components\ProductStatsGrid.tsx","85","<p className=""truncate text-sm text-slate-400"">{label}</p>"
"D:\projects\admin-dashboard\app\(admin)\products\components\ProductTableRow.tsx","58","<div className=""mt-1 line-clamp-2 break-words text-xs leading-5 text-slate-500"">"
"D:\projects\admin-dashboard\app\(admin)\products\components\ProductTableRow.tsx","85","<td className=""sticky right-0 z-10 w-[130px] bg-slate-950/95 px-4 py-3 shadow-[-12px_0_18px_rgba(0,0,0,0.45)] backdrop-blur-xl"">"
"D:\projects\admin-dashboard\app\(admin)\products\components\ProductTableRow.tsx","90","className=""inline-flex h-9 w-9 items-center justify-center rounded-xl border border-white/10 bg-white/[0.08] text-slate-200 transition hover:bg-white/[0.14] focus:outline-none focus:ring-2 focus:ring-sky-300/30"""
"D:\projects\admin-dashboard\app\(admin)\products\components\ProductTableRow.tsx","100","className=""inline-flex h-9 w-9 items-center justify-center rounded-xl border border-red-400/20 bg-red-400/10 text-red-200 transition hover:bg-red-400/20 focus:outline-none focus:ring-2 focus:ring-red-300/30"""
"D:\projects\admin-dashboard\app\(admin)\products\components\ProductTableRow.tsx","123","<td className=""px-4 py-3 text-slate-300"">"
"D:\projects\admin-dashboard\app\(admin)\products\components\ProductThumb.tsx","16","<div className=""flex h-12 w-12 shrink-0 items-center justify-center rounded-2xl border border-white/10 bg-white/[0.06] text-slate-500 shadow-inner shadow-black/20"">"
"D:\projects\admin-dashboard\app\(admin)\rentals\components\fields\SelectField.tsx","31","<span className=""block truncate text-xs font-medium uppercase tracking-[0.16em] text-slate-400"">"
"D:\projects\admin-dashboard\app\(admin)\rentals\components\fields\SelectField.tsx","33","{required ? <span className=""text-red-300""> *</span> : null}"
"D:\projects\admin-dashboard\app\(admin)\rentals\components\fields\SelectField.tsx","43","className=""mt-2 h-11 w-full min-w-0 rounded-2xl border border-white/10 bg-black/30 px-4 text-sm text-white outline-none transition focus:border-cyan-300/60 focus:bg-black/40 focus:ring-4 focus:ring-cyan-400/10"""
"D:\projects\admin-dashboard\app\(admin)\rentals\components\fields\SelectField.tsx","49","className=""bg-slate-950"""
"D:\projects\admin-dashboard\app\(admin)\rentals\components\fields\Textarea.tsx","28","<span className=""block truncate text-xs font-medium uppercase tracking-[0.16em] text-slate-400"">"
"D:\projects\admin-dashboard\app\(admin)\rentals\components\fields\Textarea.tsx","30","{required ? <span className=""text-red-300""> *</span> : null}"
"D:\projects\admin-dashboard\app\(admin)\rentals\components\fields\Textarea.tsx","42","className=""mt-2 w-full min-w-0 resize-y rounded-2xl border border-white/10 bg-black/30 px-4 py-3 text-sm text-white outline-none transition placeholder:text-slate-600 focus:border-cyan-300/60 focus:bg-black/40 focus:ring-4 focus:ring-cyan-400/10"""
"D:\projects\admin-dashboard\app\(admin)\rentals\components\fields\TextInput.tsx","30","<span className=""block truncate text-xs font-medium uppercase tracking-[0.16em] text-slate-400"">"
"D:\projects\admin-dashboard\app\(admin)\rentals\components\fields\TextInput.tsx","32","{required ? <span className=""text-red-300""> *</span> : null}"
"D:\projects\admin-dashboard\app\(admin)\rentals\components\fields\TextInput.tsx","47","className=""mt-2 h-11 w-full min-w-0 rounded-2xl border border-white/10 bg-black/30 px-4 text-sm text-white outline-none transition placeholder:text-slate-600 focus:border-cyan-300/60 focus:bg-black/40 focus:ring-4 focus:ring-cyan-400/10"""
"D:\projects\admin-dashboard\app\(admin)\rentals\components\shared\EmptyState.tsx","21","className=""h-6 w-6 text-cyan-200"""
"D:\projects\admin-dashboard\app\(admin)\rentals\components\shared\EmptyState.tsx","30","<p className=""mt-2 max-w-md break-words text-sm leading-6 text-slate-400"">"
"D:\projects\admin-dashboard\app\(admin)\rentals\components\shared\SectionHeader.tsx","20","<p className=""truncate text-xs font-semibold uppercase tracking-[0.22em] text-cyan-200/80"">"
"D:\projects\admin-dashboard\app\(admin)\rentals\components\shared\SectionHeader.tsx","30","<p className=""mt-2 max-w-3xl break-words text-sm leading-6 text-slate-400"">"
"D:\projects\admin-dashboard\app\(admin)\rentals\components\RentalActions.tsx","57","className=""inline-flex h-9 items-center justify-center gap-2 rounded-xl border border-white/10 bg-white/[0.05] px-3 text-xs font-semibold text-slate-200 transition hover:bg-white/[0.09] focus:outline-none focus:ring-2 focus:ring-cyan-300/30 disabled:cursor-not-allowed disabled:opacity-50"""
"D:\projects\admin-dashboard\app\(admin)\rentals\components\RentalActions.tsx","73","className=""inline-flex h-9 items-center justify-center gap-2 rounded-xl border border-emerald-300/20 bg-emerald-400/10 px-3 text-xs font-semibold text-emerald-100 transition hover:bg-emerald-400/15 focus:outline-none focus:ring-2 focus:ring-emerald-300/30 disabled:cursor-not-allowed disabled:opacity-50"""
"D:\projects\admin-dashboard\app\(admin)\rentals\components\RentalActions.tsx","96","className=""inline-flex h-9 items-center justify-center gap-2 rounded-xl border border-red-300/20 bg-red-500/10 px-3 text-xs font-semibold text-red-100 transition hover:bg-red-500/15 focus:outline-none focus:ring-2 focus:ring-red-300/30 disabled:cursor-not-allowed disabled:opacity-50"""
"D:\projects\admin-dashboard\app\(admin)\rentals\components\RentalForm.tsx","70","<span className=""text-xs font-medium uppercase tracking-[0.16em] text-slate-400"">"
"D:\projects\admin-dashboard\app\(admin)\rentals\components\RentalForm.tsx","79","className=""mt-2 h-11 w-full rounded-2xl border border-white/10 bg-black/30 px-4 text-sm text-white outline-none transition focus:border-cyan-300/60 focus:bg-black/40 focus:ring-4 focus:ring-cyan-400/10"""
"D:\projects\admin-dashboard\app\(admin)\rentals\components\RentalForm.tsx","81","<option value="""" className=""bg-slate-950"">"
"D:\projects\admin-dashboard\app\(admin)\rentals\components\RentalForm.tsx","89","className=""bg-slate-950"""
"D:\projects\admin-dashboard\app\(admin)\rentals\components\RentalForm.tsx","214","className=""inline-flex h-11 items-center justify-center gap-2 rounded-2xl border border-white/10 bg-white/[0.04] px-5 text-sm font-semibold text-slate-200 transition hover:bg-white/[0.08]"""
"D:\projects\admin-dashboard\app\(admin)\rentals\components\RentalForm.tsx","225","className=""inline-flex h-11 items-center justify-center gap-2 rounded-2xl bg-cyan-300 px-5 text-sm font-bold text-slate-950 shadow-lg shadow-cyan-950/30 transition hover:bg-cyan-200 disabled:cursor-not-allowed disabled:opacity-60"""
"D:\projects\admin-dashboard\app\(admin)\rentals\components\RentalMobileCard.tsx","31","<p className=""mt-1 break-words text-xs leading-5 text-slate-500"">"
"D:\projects\admin-dashboard\app\(admin)\rentals\components\RentalMobileCard.tsx","36","<span className=""shrink-0 rounded-full border border-cyan-300/20 bg-cyan-300/10 px-2.5 py-1 text-xs font-semibold text-cyan-100"">"
"D:\projects\admin-dashboard\app\(admin)\rentals\components\RentalMobileCard.tsx","76","<p className=""mt-4 min-w-0 break-words rounded-2xl border border-white/10 bg-white/[0.04] p-3 text-sm leading-6 text-slate-300"">"
"D:\projects\admin-dashboard\app\(admin)\rentals\components\RentalMobileCard.tsx","106","<p className=""truncate text-xs uppercase tracking-[0.16em] text-slate-500"">"
"D:\projects\admin-dashboard\app\(admin)\rentals\components\RentalMobileCard.tsx","113","strong ? ""font-semibold text-white"" : ""text-slate-200"","
"D:\projects\admin-dashboard\app\(admin)\rentals\components\RentalMobileCard.tsx","120","<p className=""min-w-0 break-words text-xs text-slate-500"">"
"D:\projects\admin-dashboard\app\(admin)\rentals\components\RentalRecords.tsx","53","className=""pointer-events-none absolute left-4 top-1/2 h-4 w-4 -translate-y-1/2 text-slate-500"""
"D:\projects\admin-dashboard\app\(admin)\rentals\components\RentalRecords.tsx","69","className=""h-11 w-full min-w-0 rounded-2xl border border-white/10 bg-black/30 pl-11 pr-4 text-sm text-white outline-none transition placeholder:text-slate-600 focus:border-cyan-300/60 focus:bg-black/40 focus:ring-4 focus:ring-cyan-400/10"""
"D:\projects\admin-dashboard\app\(admin)\rentals\components\RentalRecords.tsx","87","className=""h-11 w-full min-w-0 rounded-2xl border border-white/10 bg-black/30 px-4 text-sm text-white outline-none transition focus:border-cyan-300/60 focus:bg-black/40 focus:ring-4 focus:ring-cyan-400/10"""
"D:\projects\admin-dashboard\app\(admin)\rentals\components\RentalRecords.tsx","89","<option value=""all"" className=""bg-slate-950"">"
"D:\projects\admin-dashboard\app\(admin)\rentals\components\RentalRecords.tsx","97","className=""bg-slate-950"""
"D:\projects\admin-dashboard\app\(admin)\rentals\components\RentalRecords.tsx","110","className=""h-11 rounded-2xl border border-white/10 bg-white/[0.04] px-4 text-sm font-semibold text-slate-200 transition hover:bg-white/[0.08] focus:outline-none focus:ring-2 focus:ring-cyan-300/30 disabled:cursor-not-allowed disabled:opacity-40"""
"D:\projects\admin-dashboard\app\(admin)\rentals\components\RentalRecords.tsx","119","<div className=""flex min-w-0 items-center gap-3 text-sm text-slate-300"">"
"D:\projects\admin-dashboard\app\(admin)\rentals\components\RentalRecords.tsx","121","className=""h-5 w-5 shrink-0 animate-spin text-cyan-200"""
"D:\projects\admin-dashboard\app\(admin)\rentals\components\RentalRecords.tsx","140","className=""rounded-2xl bg-cyan-300 px-4 py-2 text-sm font-bold text-slate-950 transition hover:bg-cyan-200 focus:outline-none focus:ring-2 focus:ring-cyan-300/40"""
"D:\projects\admin-dashboard\app\(admin)\rentals\components\RentalRecords.tsx","152","<thead className=""bg-white/[0.045] text-xs uppercase tracking-[0.16em] text-slate-500"">"
"D:\projects\admin-dashboard\app\(admin)\rentals\components\RentalsHeader.tsx","10","<div className=""inline-flex max-w-full items-center gap-2 rounded-full border border-cyan-300/20 bg-cyan-300/10 px-3 py-1 text-xs font-medium text-cyan-100"">"
"D:\projects\admin-dashboard\app\(admin)\rentals\components\RentalsHeader.tsx","19","<p className=""mt-3 max-w-3xl break-words text-sm leading-6 text-slate-400"">"
"D:\projects\admin-dashboard\app\(admin)\rentals\components\RentalsHeader.tsx","28","<div className=""flex h-12 w-12 shrink-0 items-center justify-center rounded-2xl bg-cyan-300/10"">"
"D:\projects\admin-dashboard\app\(admin)\rentals\components\RentalsHeader.tsx","29","<Truck className=""h-6 w-6 text-cyan-200"" aria-hidden=""true"" />"
"D:\projects\admin-dashboard\app\(admin)\rentals\components\RentalsHeader.tsx","33","<p className=""truncate text-xs uppercase tracking-[0.18em] text-slate-500"">"
"D:\projects\admin-dashboard\app\(admin)\rentals\components\RentalTableRow.tsx","31","<p className=""mt-1 break-words text-xs leading-5 text-slate-500"">"
"D:\projects\admin-dashboard\app\(admin)\rentals\components\RentalTableRow.tsx","39","<p className=""line-clamp-2 break-words text-sm leading-5 text-slate-200"">"
"D:\projects\admin-dashboard\app\(admin)\rentals\components\RentalTableRow.tsx","43","<p className=""mt-1 break-words text-xs leading-5 text-slate-500"">"
"D:\projects\admin-dashboard\app\(admin)\rentals\components\RentalTableRow.tsx","50","<span className=""inline-flex max-w-full rounded-full border border-cyan-300/20 bg-cyan-300/10 px-2.5 py-1 text-xs font-semibold text-cyan-100"">"
"D:\projects\admin-dashboard\app\(admin)\rentals\components\RentalTableRow.tsx","57","<td className=""w-[180px] px-4 py-4 align-top text-sm text-slate-300"">"
"D:\projects\admin-dashboard\app\(admin)\rentals\components\RentalTableRow.tsx","63","<td className=""w-[210px] px-4 py-4 align-top text-sm text-slate-300"">"
"D:\projects\admin-dashboard\app\(admin)\rentals\components\RentalTableRow.tsx","97","<td className={`${width} px-4 py-4 align-top text-sm text-slate-300`}>"
"D:\projects\admin-dashboard\app\(admin)\rentals\components\StatCard.tsx","27","<p className=""truncate text-xs font-medium uppercase tracking-[0.16em] text-slate-500"">"
"D:\projects\admin-dashboard\app\(admin)\rentals\components\StatCard.tsx","35","<p className=""mt-1 break-words text-xs leading-5 text-slate-400"">"
"D:\projects\admin-dashboard\app\(admin)\rentals\components\StatCard.tsx","40","<div className=""flex h-11 w-11 shrink-0 items-center justify-center rounded-2xl border border-white/10 bg-white/[0.06] text-cyan-200 shadow-inner shadow-white/5"">"
"D:\projects\admin-dashboard\app\(admin)\rentals\page.tsx","99","<div className=""inline-flex items-center gap-2 rounded-full border border-white/10 bg-white/10 px-3 py-1 text-xs font-semibold uppercase tracking-[0.18em] text-slate-200 shadow-sm backdrop-blur-xl"">"
"D:\projects\admin-dashboard\app\(admin)\rentals\page.tsx","110","<p className=""mt-3 max-w-3xl text-sm leading-7 text-slate-300"">"
"D:\projects\admin-dashboard\app\(admin)\rentals\page.tsx","122","<div className=""flex h-12 w-12 items-center justify-center rounded-2xl border border-white/10 bg-white/10 text-cyan-200 shadow-lg shadow-cyan-500/10 backdrop-blur-xl"">"
"D:\projects\admin-dashboard\app\(admin)\rentals\page.tsx","132","<span className=""inline-flex items-center gap-2 rounded-full border border-white/10 bg-white/10 px-3 py-1 text-xs font-semibold uppercase tracking-[0.18em] text-slate-200 shadow-sm backdrop-blur-xl"">"
"D:\projects\admin-dashboard\app\(admin)\rentals\page.tsx","133","<span className=""h-2 w-2 animate-pulse rounded-full bg-sky-200 shadow-[0_0_10px_rgba(186,230,253,0.9)]"" />"
"D:\projects\admin-dashboard\app\(admin)\rentals\page.tsx","139","<p className=""mt-1 text-xs text-slate-500"">"
"D:\projects\admin-dashboard\app\(admin)\rentals\page.tsx","155","<section className=""rounded-3xl border border-red-400/25 bg-red-500/10 p-5 text-red-100 shadow-[0_0_35px_rgba(248,113,113,0.18)] backdrop-blur-2xl"">"
"D:\projects\admin-dashboard\app\(admin)\rentals\page.tsx","157","<AlertTriangle className=""mt-0.5 h-5 w-5 shrink-0 text-red-300"" />"
"D:\projects\admin-dashboard\app\(admin)\reports\analytics\components\AnalyticsBreakdownTable.tsx","29","<p className=""mt-1 break-words text-sm text-slate-400"">"
"D:\projects\admin-dashboard\app\(admin)\reports\analytics\components\AnalyticsBreakdownTable.tsx","35","className=""h-5 w-5 shrink-0 text-slate-500"""
"D:\projects\admin-dashboard\app\(admin)\reports\analytics\components\AnalyticsBreakdownTable.tsx","47","<div className=""min-w-0 rounded-2xl border border-white/10 bg-black/30 p-6 text-center text-sm text-slate-400"">"
"D:\projects\admin-dashboard\app\(admin)\reports\analytics\components\AnalyticsBreakdownTable.tsx","54","<thead className=""bg-white/[0.05] text-slate-400"">"
"D:\projects\admin-dashboard\app\(admin)\reports\analytics\components\AnalyticsBreakdownTable.tsx","74","<td className=""px-4 py-3 text-right text-slate-300"">"
"D:\projects\admin-dashboard\app\(admin)\reports\analytics\components\AnalyticsBreakdownTable.tsx","78","<td className=""px-4 py-3 text-right text-slate-400"">"
"D:\projects\admin-dashboard\app\(admin)\reports\analytics\components\AnalyticsFilterCard.tsx","54","""text-sm font-medium text-white outline-none transition placeholder:text-slate-500"","
"D:\projects\admin-dashboard\app\(admin)\reports\analytics\components\AnalyticsFilterCard.tsx","55","""focus-visible:border-cyan-300/40 focus-visible:ring-2 focus-visible:ring-cyan-300/40 focus-visible:ring-offset-2 focus-visible:ring-offset-slate-950"","
"D:\projects\admin-dashboard\app\(admin)\reports\analytics\components\AnalyticsHealthBanner.tsx","14","return ""border-emerald-400/25 bg-emerald-500/10 text-emerald-200"";"
"D:\projects\admin-dashboard\app\(admin)\reports\analytics\components\AnalyticsHealthBanner.tsx","16","return ""border-amber-400/25 bg-amber-500/10 text-amber-200"";"
"D:\projects\admin-dashboard\app\(admin)\reports\analytics\components\AnalyticsHealthBanner.tsx","18","return ""border-red-400/25 bg-red-500/10 text-red-200"";"
"D:\projects\admin-dashboard\app\(admin)\reports\analytics\components\AnalyticsHealthBanner.tsx","20","return ""border-white/10 bg-white/[0.055] text-slate-300"";"
"D:\projects\admin-dashboard\app\(admin)\reports\analytics\components\AnalyticsHero.tsx","33","className=""pointer-events-none absolute inset-x-0 top-0 h-px bg-gradient-to-r from-transparent via-cyan-300/40 to-transparent"""
"D:\projects\admin-dashboard\app\(admin)\reports\analytics\components\AnalyticsHero.tsx","43","<BarChart3 className=""h-7 w-7 text-cyan-200"" />"
"D:\projects\admin-dashboard\app\(admin)\reports\analytics\components\AnalyticsHero.tsx","70","<span className=""break-words text-slate-300"">"
"D:\projects\admin-dashboard\app\(admin)\reports\analytics\components\AnalyticsHero.tsx","79","<span className=""break-all text-slate-300"">"
"D:\projects\admin-dashboard\app\(admin)\reports\analytics\components\AnalyticsHero.tsx","96","""border border-cyan-300/20 bg-cyan-400/10 px-4 py-3"","
"D:\projects\admin-dashboard\app\(admin)\reports\analytics\components\AnalyticsHero.tsx","97","""text-sm font-semibold text-cyan-100 transition"","
"D:\projects\admin-dashboard\app\(admin)\reports\analytics\components\AnalyticsHero.tsx","98","""hover:bg-cyan-400/15"","
"D:\projects\admin-dashboard\app\(admin)\reports\analytics\components\AnalyticsHero.tsx","99","""focus-visible:outline-none focus-visible:ring-2 focus-visible:ring-cyan-300/45 focus-visible:ring-offset-2 focus-visible:ring-offset-slate-950"","
"D:\projects\admin-dashboard\app\(admin)\reports\analytics\components\AnalyticsSourceCard.tsx","32","className=""shrink-0 rounded-2xl border border-white/10 bg-white/10 p-3 text-cyan-200"""
"D:\projects\admin-dashboard\app\(admin)\reports\analytics\components\AnalyticsSourceCard.tsx","113","""min-w-0 flex-1 break-words text-right text-slate-200"","
"D:\projects\admin-dashboard\app\(admin)\reports\analytics\components\AnalyticsStatGrid.tsx","79","className=""shrink-0 rounded-2xl border border-white/10 bg-white/10 p-3 text-cyan-200"""
"D:\projects\admin-dashboard\app\(admin)\reports\components\OpenUploadCenterButton.tsx","29","""rounded-2xl border border-cyan-300/20"","
"D:\projects\admin-dashboard\app\(admin)\reports\components\OpenUploadCenterButton.tsx","30","""bg-cyan-400/10 px-4 py-3"","
"D:\projects\admin-dashboard\app\(admin)\reports\components\OpenUploadCenterButton.tsx","31","""text-sm font-semibold text-cyan-100"","
"D:\projects\admin-dashboard\app\(admin)\reports\components\OpenUploadCenterButton.tsx","34","""hover:border-cyan-200/40 hover:bg-cyan-400/15"","
"D:\projects\admin-dashboard\app\(admin)\reports\components\OpenUploadCenterButton.tsx","37","""focus-visible:ring-cyan-300/40"","
"D:\projects\admin-dashboard\app\(admin)\reports\components\ReportSectionGrid.tsx","31","""focus-visible:outline-none focus-visible:ring-2 focus-visible:ring-cyan-300/40 focus-visible:ring-offset-2 focus-visible:ring-offset-slate-950"","
"D:\projects\admin-dashboard\app\(admin)\reports\components\ReportSectionGrid.tsx","61","""text-sm font-medium text-slate-400 transition"","
"D:\projects\admin-dashboard\app\(admin)\reports\components\ReportsHero.tsx","17","className=""pointer-events-none absolute inset-x-0 top-0 h-px bg-gradient-to-r from-transparent via-cyan-300/40 to-transparent"""
"D:\projects\admin-dashboard\app\(admin)\reports\components\ReportsHero.tsx","23","<div className=""mb-3 inline-flex max-w-full min-w-0 items-center gap-2 rounded-full border border-cyan-300/20 bg-cyan-400/10 px-3 py-1 text-xs font-medium text-cyan-200"">"
"D:\projects\admin-dashboard\app\(admin)\reports\components\UploadRuleCard.tsx","14","className=""shrink-0 rounded-2xl border border-white/10 bg-white/10 p-3 text-slate-300"""
"D:\projects\admin-dashboard\app\(admin)\reports\components\UploadRuleCard.tsx","41","className=""min-w-0 rounded-2xl border border-emerald-300/20 bg-emerald-400/10 p-4 text-emerald-100"""
"D:\projects\admin-dashboard\app\(admin)\reports\components\UploadRuleCard.tsx","49","<p className=""break-words text-sm leading-6 text-emerald-100/80"">"
"D:\projects\admin-dashboard\app\(admin)\reports\delivery\page.tsx","51","<div className=""inline-flex max-w-full items-center gap-2 rounded-full border border-white/10 bg-white/10 px-3 py-1 text-xs font-semibold uppercase tracking-[0.18em] text-slate-200 shadow-sm backdrop-blur-xl"">"
"D:\projects\admin-dashboard\app\(admin)\reports\delivery\page.tsx","89","<div className=""flex h-12 w-12 shrink-0 items-center justify-center rounded-2xl border border-white/10 bg-white/10 text-cyan-200 shadow-lg shadow-cyan-500/10 backdrop-blur-xl"">"
"D:\projects\admin-dashboard\app\(admin)\reports\delivery\page.tsx","108","<div className=""flex h-12 w-12 shrink-0 items-center justify-center rounded-2xl border border-white/10 bg-white/10 text-cyan-200 shadow-lg shadow-cyan-500/10 backdrop-blur-xl"">"
"D:\projects\admin-dashboard\app\(admin)\reports\hospice\components\HospiceEmptyState.tsx","10","className=""mx-auto h-8 w-8 text-slate-600"""
"D:\projects\admin-dashboard\app\(admin)\reports\hospice\components\HospiceFilters.tsx","38","""w-full rounded-2xl border border-white/10 bg-black/20 px-4 py-3 text-sm text-slate-100 outline-none backdrop-blur-xl transition placeholder:text-slate-500 focus:border-cyan-300/40 focus:ring-2 focus:ring-cyan-300/20"";"
"D:\projects\admin-dashboard\app\(admin)\reports\hospice\components\HospiceFilters.tsx","61","className=""pointer-events-none absolute left-4 top-1/2 h-4 w-4 -translate-y-1/2 text-slate-500"""
"D:\projects\admin-dashboard\app\(admin)\reports\hospice\components\HospiceFilters.tsx","115","className=""pointer-events-none absolute left-4 top-1/2 -translate-y-1/2 text-slate-500"""
"D:\projects\admin-dashboard\app\(admin)\reports\hospice\components\HospiceHero.tsx","19","<div className=""inline-flex max-w-full items-center gap-2 rounded-full border border-white/10 bg-white/10 px-3 py-1 text-xs font-semibold uppercase tracking-[0.18em] text-slate-200 shadow-sm backdrop-blur-xl"">"
"D:\projects\admin-dashboard\app\(admin)\reports\hospice\components\HospicePatientCard.tsx","39","<article className={`${glass.card} min-w-0 transition hover:border-sky-200/25`}>"
"D:\projects\admin-dashboard\app\(admin)\reports\hospice\components\HospicePatientCard.tsx","45","className=""h-4 w-4 shrink-0 text-slate-500"""
"D:\projects\admin-dashboard\app\(admin)\reports\hospice\components\HospicePatientCard.tsx","53","<p className={`${typography.caption} mt-1 break-words text-slate-500`}>"
"D:\projects\admin-dashboard\app\(admin)\reports\hospice\components\HospicePatientCard.tsx","112","<footer className=""mt-4 flex min-w-0 flex-wrap justify-between gap-2 border-t border-white/10 pt-3 text-xs text-slate-600"">"
"D:\projects\admin-dashboard\app\(admin)\reports\hospice\components\HospicePatientCard.tsx","140","<p className={`${typography.label} break-words text-slate-500`}>"
"D:\projects\admin-dashboard\app\(admin)\reports\hospice\components\HospicePatientCard.tsx","163","<p className={`${typography.label} break-words text-slate-500`}>"
"D:\projects\admin-dashboard\app\(admin)\reports\hospice\components\HospicePatientCard.tsx","177","className=""min-w-0 max-w-full truncate rounded-full border border-white/10 bg-black/40 px-2.5 py-1 text-xs text-slate-300"""
"D:\projects\admin-dashboard\app\(admin)\reports\hospice\components\HospicePatientCard.tsx","184","<span className=""rounded-full border border-white/10 bg-white/[0.05] px-2.5 py-1 text-xs text-slate-400"">"
"D:\projects\admin-dashboard\app\(admin)\reports\hospice\components\HospiceStatsGrid.tsx","31","red: ""border-red-500/20 bg-red-500/10 text-red-300"","
"D:\projects\admin-dashboard\app\(admin)\reports\hospice\components\HospiceStatsGrid.tsx","32","yellow: ""border-yellow-500/20 bg-yellow-500/10 text-yellow-300"","
"D:\projects\admin-dashboard\app\(admin)\reports\hospice\components\HospiceStatsGrid.tsx","33","emerald: ""border-emerald-500/20 bg-emerald-500/10 text-emerald-300"","
"D:\projects\admin-dashboard\app\(admin)\reports\hospice\components\HospiceStatsGrid.tsx","34","rose: ""border-rose-500/20 bg-rose-500/10 text-rose-300"","
"D:\projects\admin-dashboard\app\(admin)\reports\hospice\components\HospiceStatsGrid.tsx","93","className={`${typography.caption} break-words text-slate-400`}"
"D:\projects\admin-dashboard\app\(admin)\reports\hospice\components\HospiceSystemStats.tsx","49","className={`${typography.caption} break-words text-slate-500`}"
"D:\projects\admin-dashboard\app\(admin)\reports\hospice\hospice-utils.ts","508","return ""border-red-500/30 bg-red-500/10 text-red-300"";"
"D:\projects\admin-dashboard\app\(admin)\reports\hospice\hospice-utils.ts","512","return ""border-yellow-500/30 bg-yellow-500/10 text-yellow-300"";"
"D:\projects\admin-dashboard\app\(admin)\reports\hospice\hospice-utils.ts","517","return ""border-emerald-500/30 bg-emerald-500/10 text-emerald-300"";"
"D:\projects\admin-dashboard\app\(admin)\reports\hospice\hospice-utils.ts","520","return ""border-white/10 bg-white/5 text-slate-300"";"
"D:\projects\admin-dashboard\app\(admin)\reports\hospice\page.tsx","53","className=""min-w-0 overflow-hidden rounded-3xl border border-red-500/30 bg-red-500/10 p-5 text-sm leading-6 text-red-200 shadow-xl shadow-red-950/20 backdrop-blur-xl"""
"D:\projects\admin-dashboard\app\(admin)\reports\hospice\page.tsx","97","className={`${typography.caption} shrink-0 text-slate-400`}"
"D:\projects\admin-dashboard\app\(admin)\reports\insurance\page.tsx","81","""inline-flex items-center gap-2 rounded-full border border-white/10 bg-white/10 px-3 py-1 text-xs font-semibold uppercase tracking-[0.18em] text-slate-200 shadow-sm backdrop-blur-xl"";"
"D:\projects\admin-dashboard\app\(admin)\reports\insurance\page.tsx","84","""flex h-12 w-12 shrink-0 items-center justify-center rounded-2xl border border-white/10 bg-white/10 text-slate-200 shadow-sm backdrop-blur-xl"";"
"D:\projects\admin-dashboard\app\(admin)\reports\insurance\page.tsx","87","""inline-flex items-center justify-center gap-2 rounded-2xl border border-white/10 bg-white/[0.04] px-4 py-2 text-sm font-semibold text-slate-300 shadow-sm backdrop-blur-xl transition hover:bg-white/10 hover:text-white focus:outline-none focus:ring-2 focus:ring-white/20"";"
"D:\projects\admin-dashboard\app\(admin)\reports\insurance\page.tsx","107","<p className=""mt-3 max-w-3xl text-sm leading-6 text-slate-300"">"
"D:\projects\admin-dashboard\app\(admin)\reports\insurance\page.tsx","135","<p className=""min-w-0 break-words text-xs font-semibold uppercase tracking-[0.18em] text-slate-500"">"
"D:\projects\admin-dashboard\app\(admin)\reports\insurance\page.tsx","144","<p className=""mt-4 text-sm leading-6 text-slate-400"">"
"D:\projects\admin-dashboard\app\(admin)\reports\insurance\page.tsx","168","<p className=""mt-2 text-sm leading-6 text-slate-400"">"
"D:\projects\admin-dashboard\app\(admin)\reports\insurance\page.tsx","188","<p className=""mt-2 max-w-4xl text-sm leading-6 text-slate-400"">"
"D:\projects\admin-dashboard\app\(admin)\reports\insurance\page.tsx","204","<h3 className=""text-sm font-semibold text-sky-100"">"
"D:\projects\admin-dashboard\app\(admin)\reports\insurance\page.tsx","208","<p className=""mt-1 text-sm leading-6 text-slate-400"">"
"D:\projects\admin-dashboard\app\(admin)\reports\insurance\page.tsx","229","<p className=""text-sm text-slate-500"">"
"D:\projects\admin-dashboard\app\(admin)\reports\insurance\page.tsx","239","className=""flex min-w-0 items-center justify-between gap-3 rounded-2xl border border-white/10 bg-black/20 px-4 py-3 text-sm text-slate-300"""
"D:\projects\admin-dashboard\app\(admin)\reports\insurance\page.tsx","244","className=""h-4 w-4 shrink-0 text-slate-500"""
"D:\projects\admin-dashboard\app\(admin)\reports\patients\components\PatientList.tsx","94","className=""h-4 w-4 shrink-0 text-slate-500"""
"D:\projects\admin-dashboard\app\(admin)\reports\patients\components\PatientList.tsx","102","className=""w-full bg-transparent text-sm text-white outline-none placeholder:text-slate-600"""
"D:\projects\admin-dashboard\app\(admin)\reports\patients\components\PatientList.tsx","153","isSelected ? ""border-cyan-300/35 bg-cyan-300/10"" : """","
"D:\projects\admin-dashboard\app\(admin)\reports\patients\components\PatientList.tsx","160","className=""h-4 w-4 shrink-0 text-slate-500"""
"D:\projects\admin-dashboard\app\(admin)\reports\patients\components\PatientTabs.tsx","39","active ? ""border-cyan-300/35 bg-cyan-300/10 text-cyan-50"" : """""
"D:\projects\admin-dashboard\app\(admin)\reports\patients\components\PatientTabs.tsx","49","active ? ""border-cyan-300/25 bg-cyan-300/10 text-cyan-100"" : """""
"D:\projects\admin-dashboard\app\(admin)\reports\upload\components\BatchHealthPanel.tsx","30","<p className=""mt-1 text-sm text-neutral-500"">"
"D:\projects\admin-dashboard\app\(admin)\reports\upload\components\BatchHealthPanel.tsx","81","? ""border-blue-400/20 bg-blue-500/10 text-blue-200"""
"D:\projects\admin-dashboard\app\(admin)\reports\upload\components\BatchHealthPanel.tsx","83","? ""border-emerald-400/20 bg-emerald-500/10 text-emerald-200"""
"D:\projects\admin-dashboard\app\(admin)\reports\upload\components\BatchHealthPanel.tsx","85","? ""border-red-400/20 bg-red-500/10 text-red-200"""
"D:\projects\admin-dashboard\app\(admin)\reports\upload\components\BatchHealthPanel.tsx","86",": ""border-white/10 bg-black/20 text-neutral-200"";"
"D:\projects\admin-dashboard\app\(admin)\reports\upload\components\ImportHealthPanel.tsx","30","className=""rounded-2xl border border-white/10 bg-white/[0.06] p-3 text-slate-300"""
"D:\projects\admin-dashboard\app\(admin)\reports\upload\components\ImportHealthPanel.tsx","41","<p className=""mt-1 text-sm leading-6 text-slate-400"">"
"D:\projects\admin-dashboard\app\(admin)\reports\upload\components\ImportHealthPanel.tsx","81","<div className=""rounded-2xl border border-emerald-400/15 bg-emerald-500/10 p-4"">"
"D:\projects\admin-dashboard\app\(admin)\reports\upload\components\ImportHealthPanel.tsx","84","className=""mt-0.5 h-5 w-5 text-emerald-200"""
"D:\projects\admin-dashboard\app\(admin)\reports\upload\components\ImportHealthPanel.tsx","89","<p className=""text-sm font-semibold text-emerald-100"">"
"D:\projects\admin-dashboard\app\(admin)\reports\upload\components\ImportHealthPanel.tsx","93","<p className=""mt-1 text-sm text-emerald-50/80"">"
"D:\projects\admin-dashboard\app\(admin)\reports\upload\components\ImportHealthPanel.tsx","105","<div className=""rounded-2xl border border-amber-400/15 bg-amber-500/10 p-4"">"
"D:\projects\admin-dashboard\app\(admin)\reports\upload\components\ImportHealthPanel.tsx","108","className=""mt-0.5 h-5 w-5 text-amber-200"""
"D:\projects\admin-dashboard\app\(admin)\reports\upload\components\ImportHealthPanel.tsx","113","<p className=""text-sm font-semibold text-amber-100"">"
"D:\projects\admin-dashboard\app\(admin)\reports\upload\components\ImportHealthPanel.tsx","117","<p className=""mt-1 text-sm leading-6 text-amber-50/80"">"
"D:\projects\admin-dashboard\app\(admin)\reports\upload\components\MiniStat.tsx","11","<span className=""text-sm text-neutral-400"">{label}</span>"
"D:\projects\admin-dashboard\app\(admin)\reports\upload\components\PageErrorBanner.tsx","17","<div className=""rounded-3xl border border-rose-300/25 bg-rose-500/10 p-4 text-sm text-rose-100 shadow-2xl shadow-rose-950/20"">"
"D:\projects\admin-dashboard\app\(admin)\reports\upload\components\PageErrorBanner.tsx","23","<p className=""mt-1 text-rose-100/80"">{message}</p>"
"D:\projects\admin-dashboard\app\(admin)\reports\upload\components\PatientIndexPanel.tsx","89","<p className=""text-xs font-semibold uppercase tracking-[0.22em] text-slate-500"">"
"D:\projects\admin-dashboard\app\(admin)\reports\upload\components\PatientIndexPanel.tsx","100","<p className=""mt-2 text-sm leading-6 text-slate-400"">"
"D:\projects\admin-dashboard\app\(admin)\reports\upload\components\PatientIndexPanel.tsx","106","className=""rounded-2xl border border-white/10 bg-white/[0.06] p-3 text-slate-300"""
"D:\projects\admin-dashboard\app\(admin)\reports\upload\components\PatientIndexPanel.tsx","119","<div className=""flex items-center gap-2 text-sm text-slate-400"">"
"D:\projects\admin-dashboard\app\(admin)\reports\upload\components\PatientIndexPanel.tsx","130","<div className=""flex items-center gap-2 text-sm text-slate-400"">"
"D:\projects\admin-dashboard\app\(admin)\reports\upload\components\PatientIndexPanel.tsx","141","<p className=""text-sm text-slate-400"">Last Updated</p>"
"D:\projects\admin-dashboard\app\(admin)\reports\upload\components\PatientIndexPanel.tsx","143","<p className=""mt-2 text-sm font-medium text-slate-200"">"
"D:\projects\admin-dashboard\app\(admin)\reports\upload\components\StatCard.tsx","24","className=""rounded-xl border border-white/10 bg-white/[0.06] p-2 text-slate-300"""
"D:\projects\admin-dashboard\app\(admin)\reports\upload\components\StatCard.tsx","31","<p className=""text-sm text-slate-400"">{label}</p>"
"D:\projects\admin-dashboard\app\(admin)\reports\upload\components\StatCard.tsx","38","<p className=""mt-1 text-xs text-slate-500"">"
"D:\projects\admin-dashboard\app\(admin)\reports\upload\components\StatusBadge.tsx","17","? ""border-emerald-400/20 bg-emerald-500/10 text-emerald-200"""
"D:\projects\admin-dashboard\app\(admin)\reports\upload\components\StatusBadge.tsx","19","? ""border-red-400/20 bg-red-500/10 text-red-200"""
"D:\projects\admin-dashboard\app\(admin)\reports\upload\components\StatusBadge.tsx","21","? ""border-blue-400/20 bg-blue-500/10 text-blue-200"""
"D:\projects\admin-dashboard\app\(admin)\reports\upload\components\StatusBadge.tsx","22",": ""border-white/10 bg-white/5 text-neutral-300"";"
"D:\projects\admin-dashboard\app\(admin)\reports\upload\components\UploadAccessGate.tsx","49","<Loader2 className=""mx-auto h-8 w-8 animate-spin text-slate-200"" />"
"D:\projects\admin-dashboard\app\(admin)\reports\upload\components\UploadAccessGate.tsx","89","<p className=""mt-4 rounded-2xl border border-rose-300/20 bg-rose-400/10 px-4 py-3 text-sm text-rose-100"">"
"D:\projects\admin-dashboard\app\(admin)\reports\upload\components\UploadBatchActions.tsx","43","className=""inline-flex items-center gap-2 rounded-2xl bg-white px-5 py-3 text-sm font-semibold text-black transition hover:bg-neutral-200 disabled:cursor-not-allowed disabled:opacity-50"""
"D:\projects\admin-dashboard\app\(admin)\reports\upload\components\UploadBatchActions.tsx","59","className=""inline-flex items-center gap-2 rounded-2xl border border-amber-400/20 bg-amber-500/10 px-5 py-3 text-sm font-semibold text-amber-200 transition hover:bg-amber-500/15 disabled:cursor-not-allowed disabled:opacity-50"""
"D:\projects\admin-dashboard\app\(admin)\reports\upload\components\UploadBatchActions.tsx","70","className=""inline-flex items-center gap-2 rounded-2xl border border-red-400/20 bg-red-500/10 px-5 py-3 text-sm font-semibold text-red-200 transition hover:bg-red-500/15 disabled:cursor-not-allowed disabled:opacity-50"""
"D:\projects\admin-dashboard\app\(admin)\reports\upload\components\UploadBatchActions.tsx","77","<div className=""ml-auto text-sm text-neutral-400"" aria-live=""polite"">"
"D:\projects\admin-dashboard\app\(admin)\reports\upload\components\UploadQueue.tsx","69","<p className=""text-xs text-neutral-400"">"
"D:\projects\admin-dashboard\app\(admin)\reports\upload\components\UploadQueue.tsx","75","<p className=""mt-1 text-xs text-blue-200/80"">"
"D:\projects\admin-dashboard\app\(admin)\reports\upload\components\UploadQueue.tsx","95","className=""rounded-2xl border border-white/10 bg-white/5 px-4 py-2 text-sm font-semibold text-neutral-300 transition hover:bg-white/10 disabled:cursor-not-allowed disabled:opacity-45"""
"D:\projects\admin-dashboard\app\(admin)\reports\upload\components\UploadQueue.tsx","104","className=""inline-flex items-center gap-2 rounded-2xl border border-blue-400/20 bg-blue-500/10 px-4 py-2 text-sm font-semibold text-blue-200 transition hover:bg-blue-500/15 disabled:cursor-not-allowed disabled:opacity-45"""
"D:\projects\admin-dashboard\app\(admin)\reports\upload\components\UploadQueue.tsx","117","className=""inline-flex items-center gap-2 rounded-2xl border border-rose-400/20 bg-rose-500/10 px-4 py-2 text-sm font-semibold text-rose-200 transition hover:bg-rose-500/15 disabled:cursor-not-allowed disabled:opacity-45"""
"D:\projects\admin-dashboard\app\(admin)\reports\upload\components\UploadQueue.tsx","127","<div className=""rounded-3xl border border-white/10 bg-white/[0.04] p-8 text-center text-sm text-neutral-400"">"
"D:\projects\admin-dashboard\app\(admin)\reports\upload\components\UploadQueueList.tsx","109","<FileText className=""h-4 w-4 shrink-0 text-slate-200"" aria-hidden=""true"" />"
"D:\projects\admin-dashboard\app\(admin)\reports\upload\components\UploadQueueList.tsx","129","? ""border-rose-300/25 bg-rose-400/10 text-rose-100"""
"D:\projects\admin-dashboard\app\(admin)\reports\upload\components\UploadQueueList.tsx","131","? ""border-emerald-300/25 bg-emerald-400/10 text-emerald-100"""
"D:\projects\admin-dashboard\app\(admin)\reports\upload\components\UploadQueueList.tsx","132",": ""border-sky-300/25 bg-sky-400/10 text-sky-100"""
"D:\projects\admin-dashboard\app\(admin)\reports\upload\components\UploadQueueList.tsx","166","<p className=""mt-3 rounded-2xl border border-rose-300/20 bg-rose-400/10 px-3 py-2 text-xs text-rose-100"">"
"D:\projects\admin-dashboard\app\(admin)\reports\upload\components\UploadRulesPanel.tsx","44","className=""rounded-2xl border border-white/10 bg-white/[0.06] p-3 text-slate-300"""
"D:\projects\admin-dashboard\app\(admin)\reports\upload\components\UploadRulesPanel.tsx","51","<p className=""text-xs font-semibold uppercase tracking-[0.22em] text-slate-500"">"
"D:\projects\admin-dashboard\app\(admin)\reports\upload\components\UploadRulesPanel.tsx","64","className=""mt-2 text-sm leading-6 text-slate-400"""
"D:\projects\admin-dashboard\app\(admin)\reports\upload\components\UploadRulesPanel.tsx","75","className=""flex gap-3 rounded-2xl border border-white/10 bg-black/20 p-3 text-sm leading-6 text-slate-300"""
"D:\projects\admin-dashboard\app\(admin)\reports\upload\components\UploadRulesPanel.tsx","78","className=""mt-0.5 h-4 w-4 shrink-0 text-slate-400"""
"D:\projects\admin-dashboard\app\(admin)\reports\upload\components\UploadRulesPanel.tsx","87","<div className=""mt-5 rounded-2xl border border-blue-400/15 bg-blue-500/10 p-3 text-xs leading-5 text-blue-100/85"">"
"D:\projects\admin-dashboard\app\(admin)\reports\wip\components\WipAgingAlerts.tsx","17","<section className=""rounded-[2rem] border border-red-300/10 bg-white/[0.055] p-5 shadow-2xl shadow-black/25 backdrop-blur-2xl"">"
"D:\projects\admin-dashboard\app\(admin)\reports\wip\components\WipAgingAlerts.tsx","19","<div className=""rounded-2xl border border-red-300/20 bg-red-400/10 p-3 text-red-200"">"
"D:\projects\admin-dashboard\app\(admin)\reports\wip\components\WipAgingAlerts.tsx","25","<p className=""text-sm text-slate-500"">"
"D:\projects\admin-dashboard\app\(admin)\reports\wip\components\WipAgingAlerts.tsx","35","className=""rounded-2xl border border-red-300/10 bg-red-400/[0.06] p-4"""
"D:\projects\admin-dashboard\app\(admin)\reports\wip\components\WipAgingAlerts.tsx","40","<p className=""mt-1 text-sm text-slate-400"">{record.issue}</p>"
"D:\projects\admin-dashboard\app\(admin)\reports\wip\components\WipAgingAlerts.tsx","43","<span className=""rounded-full border border-red-300/20 bg-red-400/10 px-3 py-1 text-xs font-bold text-red-200"">"
"D:\projects\admin-dashboard\app\(admin)\reports\wip\components\WipAgingAlerts.tsx","51","<div className=""rounded-2xl border border-white/10 bg-black/20 p-4 text-sm text-slate-400"">"
"D:\projects\admin-dashboard\app\(admin)\reports\wip\components\WipAnalytics.tsx","22","<div className=""rounded-2xl border border-sky-300/20 bg-sky-400/10 p-3 text-sky-200"">"
"D:\projects\admin-dashboard\app\(admin)\reports\wip\components\WipAnalytics.tsx","28","<p className=""text-sm text-slate-500"">"
"D:\projects\admin-dashboard\app\(admin)\reports\wip\components\WipAnalytics.tsx","44","<span className=""text-slate-300"">{row.label}</span>"
"D:\projects\admin-dashboard\app\(admin)\reports\wip\components\WipAnalytics.tsx","45","<span className=""text-slate-500"">{row.value}</span>"
"D:\projects\admin-dashboard\app\(admin)\reports\wip\components\WipAnalytics.tsx","61","<p className=""text-xs text-slate-500"">Average Days Open</p>"
"D:\projects\admin-dashboard\app\(admin)\reports\wip\components\WipAnalytics.tsx","68","<p className=""text-xs text-slate-500"">Completion Rate</p>"
"D:\projects\admin-dashboard\app\(admin)\reports\wip\components\WipEmployeeGroups.tsx","16","<div className=""rounded-2xl border border-emerald-300/20 bg-emerald-400/10 p-3 text-emerald-200"">"
"D:\projects\admin-dashboard\app\(admin)\reports\wip\components\WipEmployeeGroups.tsx","22","<p className=""text-sm text-slate-500"">"
"D:\projects\admin-dashboard\app\(admin)\reports\wip\components\WipEmployeeGroups.tsx","40","<p className=""text-sm text-slate-500"">"
"D:\projects\admin-dashboard\app\(admin)\reports\wip\components\WipEmployeeGroups.tsx","45","<span className=""rounded-full border border-white/10 bg-white/10 px-3 py-1 text-xs font-semibold text-slate-300"">"
"D:\projects\admin-dashboard\app\(admin)\reports\wip\components\WipErrorState.tsx","12","<main className=""min-h-screen bg-slate-950 px-4 py-6 text-white md:px-6 xl:px-8"">"
"D:\projects\admin-dashboard\app\(admin)\reports\wip\components\WipErrorState.tsx","13","<div className=""mx-auto max-w-3xl rounded-[2rem] border border-red-300/20 bg-red-400/10 p-6 shadow-2xl shadow-black/30 backdrop-blur-2xl"">"
"D:\projects\admin-dashboard\app\(admin)\reports\wip\components\WipErrorState.tsx","14","<div className=""mb-4 inline-flex rounded-2xl border border-red-300/20 bg-red-400/10 p-3 text-red-200"">"
"D:\projects\admin-dashboard\app\(admin)\reports\wip\components\WipErrorState.tsx","20","<p className=""mt-2 text-sm text-slate-300"">{message}</p>"
"D:\projects\admin-dashboard\app\(admin)\reports\wip\components\WipFilters.tsx","34","<Search className=""pointer-events-none absolute left-4 top-1/2 h-4 w-4 -translate-y-1/2 text-slate-500"" />"
"D:\projects\admin-dashboard\app\(admin)\reports\wip\components\WipFilters.tsx","39","className=""h-12 w-full rounded-2xl border border-white/10 bg-black/20 pl-11 pr-4 text-sm text-white outline-none transition placeholder:text-slate-500 focus:border-cyan-300/40 focus:ring-2 focus:ring-cyan-300/20"""
"D:\projects\admin-dashboard\app\(admin)\reports\wip\components\WipFilters.tsx","50","className=""h-12 w-full rounded-2xl border border-white/10 bg-black/20 px-4 text-sm text-white outline-none transition focus:border-cyan-300/40 focus:ring-2 focus:ring-cyan-300/20"""
"D:\projects\admin-dashboard\app\(admin)\reports\wip\components\WipFilters.tsx","53","<option key={option.value} value={option.value} className=""bg-slate-950"">"
"D:\projects\admin-dashboard\app\(admin)\reports\wip\components\WipFilters.tsx","67","className=""h-12 w-full rounded-2xl border border-white/10 bg-black/20 px-4 text-sm text-white outline-none transition focus:border-cyan-300/40 focus:ring-2 focus:ring-cyan-300/20"""
"D:\projects\admin-dashboard\app\(admin)\reports\wip\components\WipFilters.tsx","70","<option key={option.value} value={option.value} className=""bg-slate-950"">"
"D:\projects\admin-dashboard\app\(admin)\reports\wip\components\WipHero.tsx","14","<div className=""absolute inset-x-0 top-0 h-px bg-gradient-to-r from-transparent via-amber-300/50 to-transparent"" />"
"D:\projects\admin-dashboard\app\(admin)\reports\wip\components\WipHero.tsx","15","<div className=""absolute -right-24 -top-24 h-64 w-64 rounded-full bg-amber-400/10 blur-3xl"" />"
"D:\projects\admin-dashboard\app\(admin)\reports\wip\components\WipHero.tsx","19","<div className=""mb-3 inline-flex items-center gap-2 rounded-full border border-amber-300/20 bg-amber-400/10 px-3 py-1 text-xs font-medium text-amber-200"">"
"D:\projects\admin-dashboard\app\(admin)\reports\wip\components\WipHero.tsx","28","<p className=""mt-2 max-w-3xl text-sm leading-6 text-slate-300"">"
"D:\projects\admin-dashboard\app\(admin)\reports\wip\components\WipHero.tsx","38","className=""inline-flex items-center gap-2 rounded-2xl border border-white/10 bg-white/10 px-4 py-2 text-sm font-medium text-slate-200 transition hover:bg-white/15"""
"D:\projects\admin-dashboard\app\(admin)\reports\wip\components\WipLoadingState.tsx","5","<main className=""min-h-screen bg-slate-950 px-4 py-6 text-white md:px-6 xl:px-8"">"
"D:\projects\admin-dashboard\app\(admin)\reports\wip\components\WipStatGrid.tsx","23","tone: ""text-sky-200"","
"D:\projects\admin-dashboard\app\(admin)\reports\wip\components\WipStatGrid.tsx","29","tone: ""text-amber-200"","
"D:\projects\admin-dashboard\app\(admin)\reports\wip\components\WipStatGrid.tsx","35","tone: ""text-red-200"","
"D:\projects\admin-dashboard\app\(admin)\reports\wip\components\WipStatGrid.tsx","41","tone: ""text-orange-200"","
"D:\projects\admin-dashboard\app\(admin)\reports\wip\components\WipStatGrid.tsx","47","tone: ""text-emerald-200"","
"D:\projects\admin-dashboard\app\(admin)\reports\wip\components\WipStatGrid.tsx","65","<p className=""text-xs font-medium uppercase tracking-[0.2em] text-slate-500"">"
"D:\projects\admin-dashboard\app\(admin)\reports\wip\components\WipStatusBadge.tsx","43","return ""border-amber-300/25 bg-amber-400/10 text-amber-200"";"
"D:\projects\admin-dashboard\app\(admin)\reports\wip\components\WipStatusBadge.tsx","45","return ""border-sky-300/25 bg-sky-400/10 text-sky-200"";"
"D:\projects\admin-dashboard\app\(admin)\reports\wip\components\WipStatusBadge.tsx","47","return ""border-emerald-300/25 bg-emerald-400/10 text-emerald-200"";"
"D:\projects\admin-dashboard\app\(admin)\reports\wip\components\WipStatusBadge.tsx","49","return ""border-slate-300/20 bg-slate-400/10 text-slate-300"";"
"D:\projects\admin-dashboard\app\(admin)\reports\wip\components\WipStatusBadge.tsx","56","return ""border-red-300/25 bg-red-400/10 text-red-200"";"
"D:\projects\admin-dashboard\app\(admin)\reports\wip\components\WipStatusBadge.tsx","58","return ""border-orange-300/25 bg-orange-400/10 text-orange-200"";"
"D:\projects\admin-dashboard\app\(admin)\reports\wip\components\WipStatusBadge.tsx","60","return ""border-sky-300/25 bg-sky-400/10 text-sky-200"";"
"D:\projects\admin-dashboard\app\(admin)\reports\wip\components\WipStatusBadge.tsx","62","return ""border-slate-300/20 bg-slate-400/10 text-slate-300"";"
"D:\projects\admin-dashboard\app\(admin)\reports\wip\components\WipTable.tsx","16","<div className=""rounded-2xl border border-amber-300/20 bg-amber-400/10 p-3 text-amber-200"">"
"D:\projects\admin-dashboard\app\(admin)\reports\wip\components\WipTable.tsx","22","<p className=""text-sm text-slate-500"">"
"D:\projects\admin-dashboard\app\(admin)\reports\wip\components\WipTable.tsx","30","<thead className=""bg-black/30 text-xs uppercase tracking-[0.18em] text-slate-500"">"
"D:\projects\admin-dashboard\app\(admin)\reports\wip\components\WipTable.tsx","46","<p className=""text-xs text-slate-500"">"
"D:\projects\admin-dashboard\app\(admin)\reports\wip\components\WipTable.tsx","50","<td className=""px-4 py-4 text-slate-300"">{record.assignedTo}</td>"
"D:\projects\admin-dashboard\app\(admin)\reports\wip\components\WipTable.tsx","51","<td className=""px-4 py-4 text-slate-300"">{record.department}</td>"
"D:\projects\admin-dashboard\app\(admin)\reports\wip\components\WipTable.tsx","52","<td className=""px-4 py-4 text-slate-300"">{record.daysOpen}</td>"
"D:\projects\admin-dashboard\app\(admin)\reports\wip\components\WipTable.tsx","64","<td colSpan={6} className=""px-4 py-10 text-center text-slate-500"">"
"D:\projects\admin-dashboard\app\(admin)\reports\wip\wip-constants.ts","12","open: ""border-sky-400/30 bg-sky-400/10 text-sky-200"","
"D:\projects\admin-dashboard\app\(admin)\reports\wip\wip-constants.ts","13","pending: ""border-amber-400/30 bg-amber-400/10 text-amber-200"","
"D:\projects\admin-dashboard\app\(admin)\reports\wip\wip-constants.ts","14","completed: ""border-emerald-400/30 bg-emerald-400/10 text-emerald-200"","
"D:\projects\admin-dashboard\app\(admin)\reports\wip\wip-constants.ts","15","cancelled: ""border-rose-400/30 bg-rose-400/10 text-rose-200"","
"D:\projects\admin-dashboard\app\(admin)\reports\wip\wip-constants.ts","16","unknown: ""border-slate-400/30 bg-slate-400/10 text-slate-200"","
"D:\projects\admin-dashboard\app\(admin)\reports\reports-config.ts","41","tone: ""text-cyan-200"","
"D:\projects\admin-dashboard\app\(admin)\reports\reports-config.ts","51","tone: ""text-blue-200"","
"D:\projects\admin-dashboard\app\(admin)\reports\reports-config.ts","61","tone: ""text-sky-200"","
"D:\projects\admin-dashboard\app\(admin)\reports\reports-config.ts","71","tone: ""text-rose-200"","
"D:\projects\admin-dashboard\app\(admin)\reports\reports-config.ts","81","tone: ""text-amber-200"","
"D:\projects\admin-dashboard\app\(admin)\reports\reports-config.ts","91","tone: ""text-emerald-200"","
"D:\projects\admin-dashboard\app\(admin)\reports\reports-config.ts","101","tone: ""text-lime-200"","
"D:\projects\admin-dashboard\app\(admin)\settings\components\company\RecentActivityCard.tsx","8","<div className=""flex h-10 w-10 items-center justify-center rounded-2xl border border-cyan-300/20 bg-cyan-300/10"">"
"D:\projects\admin-dashboard\app\(admin)\settings\components\company\RecentActivityCard.tsx","9","<Clock3 className=""h-5 w-5 text-cyan-200"" />"
"D:\projects\admin-dashboard\app\(admin)\settings\components\company\RecentActivityCard.tsx","14","<p className=""text-xs text-slate-500"">Settings audit placeholder</p>"
"D:\projects\admin-dashboard\app\(admin)\settings\components\company\RecentActivityCard.tsx","19","<p className=""text-sm leading-6 text-slate-400"">"
"D:\projects\admin-dashboard\app\(admin)\settings\components\company\RecentActivityCard.tsx","20","Activity logging should be wired to <span className=""text-slate-200"">auditLogs</span>{"" ""}"
"D:\projects\admin-dashboard\app\(admin)\settings\components\danger\ResetCard.tsx","75","<div className=""rounded-2xl border border-red-300/20 bg-red-500/10 p-4"">"
"D:\projects\admin-dashboard\app\(admin)\settings\components\danger\ResetCard.tsx","77","<AlertTriangle className=""mt-0.5 h-5 w-5 shrink-0 text-red-200"" />"
"D:\projects\admin-dashboard\app\(admin)\settings\components\danger\ResetCard.tsx","80","<p className=""text-sm font-semibold text-red-50"">"
"D:\projects\admin-dashboard\app\(admin)\settings\components\danger\ResetCard.tsx","83","<p className=""mt-1 text-sm leading-6 text-red-100/80"">"
"D:\projects\admin-dashboard\app\(admin)\settings\components\danger\ResetCard.tsx","84","Type <span className=""font-bold text-red-50"">{CONFIRM_TEXT}</span>{"" ""}"
"D:\projects\admin-dashboard\app\(admin)\settings\components\danger\ResetCard.tsx","96","className=""mt-4 w-full rounded-2xl border border-red-300/20 bg-black/30 px-4 py-3 text-sm text-red-50 outline-none placeholder:text-red-200/30 focus:border-red-200/50"""
"D:\projects\admin-dashboard\app\(admin)\settings\components\danger\ResetCard.tsx","100","<p className=""mt-3 rounded-xl border border-emerald-300/20 bg-emerald-500/10 px-3 py-2 text-sm text-emerald-100"">"
"D:\projects\admin-dashboard\app\(admin)\settings\components\danger\ResetCard.tsx","106","<p className=""mt-3 rounded-xl border border-red-300/20 bg-red-950/40 px-3 py-2 text-sm text-red-100"">"
"D:\projects\admin-dashboard\app\(admin)\settings\components\shared\Field.tsx","26","<span className=""text-xs font-medium uppercase tracking-[0.16em] text-slate-400"">"
"D:\projects\admin-dashboard\app\(admin)\settings\components\shared\Field.tsx","46","<span className=""text-xs font-medium uppercase tracking-[0.16em] text-slate-400"">"
"D:\projects\admin-dashboard\app\(admin)\settings\components\shared\InfoCard.tsx","16","<p className=""mt-2 text-sm leading-6 text-slate-400"">{description}</p>"
"D:\projects\admin-dashboard\app\(admin)\settings\components\shared\SectionHeader.tsx","20","<p className=""text-xs font-semibold uppercase tracking-[0.22em] text-cyan-200/80"">"
"D:\projects\admin-dashboard\app\(admin)\settings\components\shared\SectionHeader.tsx","30","<p className=""mt-2 max-w-3xl text-sm leading-6 text-slate-400"">"
"D:\projects\admin-dashboard\app\(admin)\settings\components\shared\StatusPill.tsx","8","neutral: ""border-white/10 bg-white/[0.06] text-slate-200"","
"D:\projects\admin-dashboard\app\(admin)\settings\components\shared\StatusPill.tsx","9","success: ""border-emerald-300/20 bg-emerald-400/10 text-emerald-100"","
"D:\projects\admin-dashboard\app\(admin)\settings\components\shared\StatusPill.tsx","10","warning: ""border-amber-300/20 bg-amber-400/10 text-amber-100"","
"D:\projects\admin-dashboard\app\(admin)\settings\components\shared\StatusPill.tsx","11","danger: ""border-red-300/20 bg-red-500/10 text-red-100"","
"D:\projects\admin-dashboard\app\(admin)\settings\components\shared\ToggleRow.tsx","18","<p className=""mt-1 text-sm leading-6 text-slate-400"">"
"D:\projects\admin-dashboard\app\(admin)\settings\components\shared\ToggleRow.tsx","33","? ""border-cyan-300/40 bg-cyan-300/70"""
"D:\projects\admin-dashboard\app\(admin)\settings\components\shared\ToggleRow.tsx","34",": ""border-white/10 bg-slate-800"","
"D:\projects\admin-dashboard\app\(admin)\settings\components\users\UserCreateCard.tsx","54","<span className=""text-xs font-medium uppercase tracking-[0.16em] text-slate-400"">"
"D:\projects\admin-dashboard\app\(admin)\settings\components\users\UserCreateCard.tsx","68","className=""mt-2 h-11 w-full rounded-2xl border border-white/10 bg-black/30 px-4 text-sm text-white outline-none transition focus:border-cyan-300/60 focus:ring-4 focus:ring-cyan-400/10"""
"D:\projects\admin-dashboard\app\(admin)\settings\components\users\UserCreateCard.tsx","74","className=""bg-slate-950"""
"D:\projects\admin-dashboard\app\(admin)\settings\components\users\UserRow.tsx","28","<p className=""mt-1 text-xs text-slate-500"">{user.email || ""No email""}</p>"
"D:\projects\admin-dashboard\app\(admin)\settings\components\users\UserRow.tsx","38","className=""h-10 rounded-2xl border border-white/10 bg-black/30 px-3 text-sm text-white outline-none transition focus:border-cyan-300/60 focus:ring-4 focus:ring-cyan-400/10"""
"D:\projects\admin-dashboard\app\(admin)\settings\components\users\UserRow.tsx","44","className=""bg-slate-950"""
"D:\projects\admin-dashboard\app\(admin)\settings\components\users\UserRow.tsx","59","className=""h-10 rounded-2xl border border-white/10 bg-black/30 px-3 text-sm text-white outline-none transition focus:border-cyan-300/60 focus:ring-4 focus:ring-cyan-400/10"""
"D:\projects\admin-dashboard\app\(admin)\settings\components\users\UserRow.tsx","65","className=""bg-slate-950"""
"D:\projects\admin-dashboard\app\(admin)\settings\components\users\UsersTable.tsx","19","<p className=""mt-2 text-sm text-slate-400"">"
"D:\projects\admin-dashboard\app\(admin)\settings\components\users\UsersTable.tsx","30","<thead className=""bg-white/[0.045] text-xs uppercase tracking-[0.16em] text-slate-500"">"
"D:\projects\admin-dashboard\app\(admin)\settings\components\MessageCard.tsx","11","icon: <CheckCircle2 className=""h-5 w-5 text-emerald-200"" />,"
"D:\projects\admin-dashboard\app\(admin)\settings\components\MessageCard.tsx","12","className: ""border-emerald-300/20 bg-emerald-400/10 text-emerald-50"","
"D:\projects\admin-dashboard\app\(admin)\settings\components\MessageCard.tsx","15","icon: <AlertTriangle className=""h-5 w-5 text-red-200"" />,"
"D:\projects\admin-dashboard\app\(admin)\settings\components\MessageCard.tsx","16","className: ""border-red-300/20 bg-red-500/10 text-red-50"","
"D:\projects\admin-dashboard\app\(admin)\settings\components\MessageCard.tsx","19","icon: <Info className=""h-5 w-5 text-cyan-200"" />,"
"D:\projects\admin-dashboard\app\(admin)\settings\components\MessageCard.tsx","20","className: ""border-cyan-300/20 bg-cyan-400/10 text-cyan-50"","
"D:\projects\admin-dashboard\app\(admin)\settings\components\PageHeader.tsx","15","<p className=""text-xs font-semibold uppercase tracking-[0.22em] text-cyan-200/80"">"
"D:\projects\admin-dashboard\app\(admin)\settings\components\PageHeader.tsx","23","<p className=""mt-2 max-w-3xl text-sm leading-6 text-slate-400"">"
"D:\projects\admin-dashboard\app\(admin)\settings\components\TabBar.tsx","32","? ""border border-cyan-300/50 bg-cyan-300/15 text-cyan-100 shadow-lg shadow-cyan-950/25"""
"D:\projects\admin-dashboard\app\(admin)\settings\components\TabBar.tsx","33",": ""border border-transparent text-slate-400 hover:bg-white/[0.06] hover:text-slate-100"","
"D:\projects\admin-dashboard\app\(admin)\settings\styles\glass.ts","8","""h-11 w-full rounded-2xl border border-white/10 bg-black/30 px-4 text-sm text-white outline-none transition placeholder:text-slate-600 focus:border-cyan-300/60 focus:bg-black/40 focus:ring-4 focus:ring-cyan-400/10"";"
"D:\projects\admin-dashboard\app\(admin)\settings\styles\glass.ts","11","""w-full resize-none rounded-2xl border border-white/10 bg-black/30 px-4 py-3 text-sm text-white outline-none transition placeholder:text-slate-600 focus:border-cyan-300/60 focus:bg-black/40 focus:ring-4 focus:ring-cyan-400/10"";"
"D:\projects\admin-dashboard\app\(admin)\settings\styles\glass.ts","14","""inline-flex h-10 items-center justify-center gap-2 rounded-2xl border border-white/10 bg-white/[0.05] px-4 text-sm font-semibold text-slate-200 transition hover:bg-white/[0.09] disabled:cursor-not-allowed disabled:opacity-50"";"
"D:\projects\admin-dashboard\app\(admin)\settings\styles\glass.ts","17","""inline-flex h-10 items-center justify-center gap-2 rounded-2xl bg-cyan-300 px-4 text-sm font-bold text-slate-950 shadow-lg shadow-cyan-950/30 transition hover:bg-cyan-200 disabled:cursor-not-allowed disabled:opacity-60"";"
"D:\projects\admin-dashboard\app\(admin)\settings\styles\glass.ts","20","""inline-flex h-10 items-center justify-center gap-2 rounded-2xl border border-red-300/20 bg-red-500/10 px-4 text-sm font-semibold text-red-100 transition hover:bg-red-500/15 disabled:cursor-not-allowed disabled:opacity-50"";"
"D:\projects\admin-dashboard\app\(admin)\settings\page.tsx","83","<div className={""inline-flex items-center gap-2 rounded-full border border-white/10 bg-white/10 px-3 py-1 text-xs font-semibold uppercase tracking-[0.18em] text-slate-200 shadow-sm backdrop-blur-xl""}>"
"D:\projects\admin-dashboard\app\(admin)\settings\page.tsx","93","<p className=""mt-3 max-w-3xl text-sm leading-7 text-slate-300"">"
"D:\projects\admin-dashboard\app\(admin)\settings\page.tsx","107","className={""inline-flex items-center justify-center gap-2 rounded-2xl border border-white/10 bg-transparent px-4 py-2 text-sm font-semibold text-slate-300 transition hover:bg-white/10 hover:text-white disabled:cursor-not-allowed disabled:opacity-50""}"
"D:\projects\admin-dashboard\app\(admin)\settings\page.tsx","117","className={""inline-flex items-center justify-center gap-2 rounded-2xl bg-cyan-300 px-5 py-3 text-sm font-bold text-slate-950 shadow-lg shadow-cyan-500/20 transition hover:bg-cyan-200 disabled:cursor-not-allowed disabled:opacity-50""}"
"D:\projects\admin-dashboard\app\(admin)\settings\page.tsx","145","<div className=""flex items-center gap-3 text-sm text-slate-300"">"
"D:\projects\admin-dashboard\app\(admin)\settings\page.tsx","146","<Loader2 className=""h-5 w-5 animate-spin text-sky-200"" />"
"D:\projects\admin-dashboard\app\(admin)\users\components\CreateUserPanel.tsx","28","<UserPlus className=""h-5 w-5 text-sky-300"" />"
"D:\projects\admin-dashboard\app\(admin)\users\components\CreateUserPanel.tsx","97","className=""inline-flex items-center gap-2 rounded-2xl bg-white px-5 py-3 text-sm font-semibold text-black transition hover:bg-zinc-200 disabled:cursor-not-allowed disabled:opacity-60"""
"D:\projects\admin-dashboard\app\(admin)\users\components\SelectInput.tsx","22","<label htmlFor={selectId} className=""mb-2 block text-sm text-zinc-400"">"
"D:\projects\admin-dashboard\app\(admin)\users\components\TextInput.tsx","26","<label htmlFor={inputId} className=""mb-2 block text-sm text-zinc-400"">"
"D:\projects\admin-dashboard\app\(admin)\users\components\TextInput.tsx","39","className=""w-full rounded-2xl border border-white/10 bg-black/50 px-4 py-3 text-sm text-white outline-none placeholder:text-zinc-500 transition focus:border-white/30 focus:bg-black/70"""
"D:\projects\admin-dashboard\app\(admin)\users\components\UserDirectory.tsx","36","<div className=""sticky top-0 z-10 border-b border-white/10 bg-zinc-950/80 px-5 py-4 backdrop-blur-2xl"">"
"D:\projects\admin-dashboard\app\(admin)\users\components\UserDirectory.tsx","38","<p className=""mt-1 text-sm text-zinc-400"">"
"D:\projects\admin-dashboard\app\(admin)\users\components\UserDirectory.tsx","45","<div className=""flex items-center gap-3 px-5 py-10 text-zinc-400"">"
"D:\projects\admin-dashboard\app\(admin)\users\components\UserDirectory.tsx","50","<div className=""px-5 py-10 text-sm text-zinc-400"">No users found.</div>"
"D:\projects\admin-dashboard\app\(admin)\users\components\UsersFilters.tsx","28","<label htmlFor=""user-search"" className=""mb-2 block text-sm text-zinc-400"">"
"D:\projects\admin-dashboard\app\(admin)\users\components\UsersFilters.tsx","33","<Search className=""h-4 w-4 text-zinc-500"" />"
"D:\projects\admin-dashboard\app\(admin)\users\components\UsersFilters.tsx","43","className=""w-full bg-transparent text-sm text-white outline-none placeholder:text-zinc-500"""
"D:\projects\admin-dashboard\app\(admin)\users\components\UsersHeader.tsx","19","<Users className=""h-8 w-8 text-sky-300"" />"
"D:\projects\admin-dashboard\app\(admin)\users\components\UsersHeader.tsx","23","<p className=""mt-2 text-sm text-zinc-400"">"
"D:\projects\admin-dashboard\app\(admin)\users\components\UsersStats.tsx","24","<p className=""text-xs uppercase tracking-wide text-zinc-400"">{label}</p>"
"D:\projects\admin-dashboard\app\(admin)\users\page.tsx","453","<div className=""relative flex items-center gap-3 p-6 text-slate-300"">"
"D:\projects\admin-dashboard\app\(admin)\users\page.tsx","454","<Loader2 className=""h-5 w-5 animate-spin text-sky-200"" />"
"D:\projects\admin-dashboard\app\(admin)\users\page.tsx","476","<div className=""rounded-3xl border border-red-500/20 bg-red-500/10 px-6 py-5 text-sm text-red-300 shadow-[0_0_35px_rgba(239,68,68,0.18)]"">"
"D:\projects\admin-dashboard\app\(admin)\users\page.tsx","494","<div className={""inline-flex items-center gap-2 rounded-full border border-white/10 bg-white/10 px-3 py-1 text-xs font-semibold uppercase tracking-[0.18em] text-slate-200 shadow-sm backdrop-blur-xl""}>"
"D:\projects\admin-dashboard\app\(admin)\users\page.tsx","506","<p className=""mt-3 max-w-3xl text-sm leading-7 text-slate-300"">"
"D:\projects\admin-dashboard\app\(admin)\users\page.tsx","526","<div className={""flex h-12 w-12 items-center justify-center rounded-2xl border border-white/10 bg-white/10 text-cyan-200 shadow-lg shadow-cyan-500/10 backdrop-blur-xl""}>"
"D:\projects\admin-dashboard\app\(admin)\users\page.tsx","536","<span className={""inline-flex items-center gap-2 rounded-full border border-white/10 bg-white/10 px-3 py-1 text-xs font-semibold uppercase tracking-[0.18em] text-slate-200 shadow-sm backdrop-blur-xl""}>"
"D:\projects\admin-dashboard\app\(admin)\users\page.tsx","537","<span className=""h-2 w-2 animate-pulse rounded-full bg-sky-200 shadow-[0_0_10px_rgba(186,230,253,0.9)]"" />"
"D:\projects\admin-dashboard\app\(admin)\users\page.tsx","543","<p className=""mt-1 text-xs text-slate-500"">"
"D:\projects\admin-dashboard\app\(admin)\users\page.tsx","555","className={`${""inline-flex items-center justify-center gap-2 rounded-2xl border border-white/10 bg-transparent px-4 py-2 text-sm font-semibold text-slate-300 transition hover:bg-white/10 hover:text-white disabled:cursor-not-allowed disabled:opacity-50""} mt-4 w-full`}"
"D:\projects\admin-dashboard\app\(admin)\users\page.tsx","669","<div className=""flex items-center gap-2 text-xs text-slate-500"">"
"D:\projects\admin-dashboard\app\components\admin\AdminCommandPalette.tsx","63","<div className=""mx-auto max-w-xl overflow-hidden rounded-3xl border border-white/10 bg-slate-950 shadow-2xl shadow-black/50"">"
"D:\projects\admin-dashboard\app\components\admin\AdminCommandPalette.tsx","65","<Command className=""h-4 w-4 text-sky-300"" aria-hidden=""true"" />"
"D:\projects\admin-dashboard\app\components\admin\AdminGlobalSearch.tsx","62","className=""w-full rounded-2xl border border-white/10 bg-white/[0.055] py-2.5 pl-10 pr-4 text-sm text-white outline-none transition placeholder:text-white/35 focus:border-sky-300/40 focus:bg-white/[0.08]"""
"D:\projects\admin-dashboard\app\components\admin\AdminGlobalSearch.tsx","66","<div className=""absolute left-0 right-0 top-full z-50 mt-2 overflow-hidden rounded-2xl border border-white/10 bg-slate-950/95 shadow-2xl shadow-black/40 backdrop-blur-2xl"">"
"D:\projects\admin-dashboard\app\components\admin\AdminNotifications.tsx","37","<span className=""absolute -right-1 -top-1 h-2.5 w-2.5 rounded-full bg-red-400 ring-2 ring-slate-950"" />"
"D:\projects\admin-dashboard\app\components\admin\AdminNotifications.tsx","42","<div className=""absolute right-0 top-full z-50 mt-2 w-80 overflow-hidden rounded-2xl border border-white/10 bg-slate-950/95 shadow-2xl shadow-black/40 backdrop-blur-2xl"">"
"D:\projects\admin-dashboard\app\components\admin\AdminNotifications.tsx","54","<CircleAlert className=""mt-0.5 h-4 w-4 shrink-0 text-amber-300"" />"
"D:\projects\admin-dashboard\app\components\admin\AdminPageHeader.tsx","19","<div className=""pointer-events-none absolute inset-x-8 top-0 h-px bg-gradient-to-r from-transparent via-cyan-200/35 to-transparent"" />"
"D:\projects\admin-dashboard\app\components\admin\AdminPageHeader.tsx","20","<div className=""pointer-events-none absolute -top-32 left-1/2 h-64 w-64 -translate-x-1/2 rounded-full bg-cyan-300/10 blur-3xl"" />"
"D:\projects\admin-dashboard\app\components\admin\AdminProfileMenu.tsx","38","<div className=""absolute right-0 top-full z-50 mt-2 w-72 overflow-hidden rounded-2xl border border-white/10 bg-slate-950/95 shadow-2xl shadow-black/40 backdrop-blur-2xl"">"
"D:\projects\admin-dashboard\app\components\admin\AdminProfileMenu.tsx","59","className=""flex w-full items-center gap-2 px-4 py-3 text-left text-sm text-red-200 transition hover:bg-red-500/10 disabled:cursor-not-allowed disabled:opacity-60"""
"D:\projects\admin-dashboard\app\components\admin\AdminShellTopbar.tsx","55","<p className=""truncate text-xs font-semibold uppercase tracking-[0.22em] text-cyan-200/80"">"
"D:\projects\admin-dashboard\app\components\admin\AdminShellTopbar.tsx","67","<Search className=""h-4 w-4 shrink-0 text-slate-500"" />"
"D:\projects\admin-dashboard\app\components\admin\AdminShellTopbar.tsx","75","<div className=""hidden items-center gap-2 rounded-2xl border border-emerald-300/20 bg-emerald-400/10 px-3 py-2 text-xs font-medium text-emerald-200 sm:flex"">"
"D:\projects\admin-dashboard\app\components\admin\AdminShellTopbar.tsx","81","<UserRound className=""h-4 w-4 shrink-0 text-slate-400"" />"
"D:\projects\admin-dashboard\app\components\admin\AdminShellTopbar.tsx","100","className={`${glass.focus} inline-flex h-10 shrink-0 items-center justify-center gap-2 rounded-2xl border border-red-300/20 bg-red-500/10 px-3 text-sm font-semibold text-red-200 transition hover:bg-red-500/20 disabled:cursor-not-allowed disabled:opacity-50`}"
"D:\projects\admin-dashboard\app\components\admin\AdminSidebar.tsx","206","className=""hidden w-64 shrink-0 border-r border-white/10 bg-neutral-950 text-white lg:fixed lg:inset-y-0 lg:left-0 lg:z-30 lg:flex"""
"D:\projects\admin-dashboard\app\components\admin\AdminSidebar.tsx","227","className=""absolute inset-y-0 left-0 flex w-72 max-w-[85vw] flex-col border-r border-white/10 bg-neutral-950 text-white shadow-2xl"""
"D:\projects\admin-dashboard\app\components\admin\AdminSidebar.tsx","234","<div className=""text-xs text-neutral-500"">"
"D:\projects\admin-dashboard\app\components\admin\AdminSidebar.tsx","281","<div className=""text-xs uppercase tracking-[0.24em] text-neutral-500"">"
"D:\projects\admin-dashboard\app\components\admin\AdminSidebar.tsx","289","<div className=""mt-2 text-sm leading-5 text-neutral-400"">"
"D:\projects\admin-dashboard\app\components\admin\AdminSidebar.tsx","321","<div className=""mt-3 rounded-2xl border border-emerald-500/20 bg-emerald-500/10 px-4 py-3 text-xs text-emerald-300"">"
"D:\projects\admin-dashboard\app\components\admin\AdminSidebar.tsx","345","<div className=""mb-2 px-3 text-[11px] font-semibold uppercase tracking-[0.2em] text-neutral-500"">"
"D:\projects\admin-dashboard\app\components\admin\AdminSidebar.tsx","364",": ""border-white/5 bg-black/20 text-neutral-300 hover:border-white/20 hover:bg-white/10 hover:text-white"","
"D:\projects\admin-dashboard\app\components\admin\AdminSidebar.tsx","372",": ""border-white/10 bg-white/5 text-neutral-400 group-hover:border-white/20 group-hover:bg-white/10 group-hover:text-white"","
"D:\projects\admin-dashboard\app\components\admin\AdminSidebar.tsx","381","<span className=""rounded-full border border-red-500/20 bg-red-500/10 px-2 py-0.5 text-[10px] text-red-300"">"
"D:\projects\admin-dashboard\app\components\admin\AdminSystemAlerts.tsx","13","<div className=""border-b border-amber-300/10 bg-amber-500/10 px-4 py-2 text-xs text-amber-100"">"
"D:\projects\admin-dashboard\app\components\admin\AdminSystemAlerts.tsx","37","className=""rounded-lg p-1 text-amber-100/70 transition hover:bg-white/10 hover:text-amber-100"""
"D:\projects\admin-dashboard\app\components\admin\GlassCard.tsx","28","<div className=""pointer-events-none absolute inset-x-0 top-0 h-px bg-gradient-to-r from-transparent via-cyan-200/35 to-transparent"" />"
"D:\projects\admin-dashboard\app\components\auth\AuthGuard.tsx","131","<div className=""rounded-3xl border border-white/10 bg-white/[0.06] px-6 py-4 text-sm text-zinc-300 shadow-2xl shadow-black/30 backdrop-blur-2xl"">"
"D:\projects\admin-dashboard\app\components\auth\AuthGuard.tsx","143","<section className=""w-full max-w-md rounded-3xl border border-red-500/20 bg-red-950/20 p-8 text-red-200 shadow-2xl shadow-black/40"">"
"D:\projects\admin-dashboard\app\components\auth\AuthGuard.tsx","145","<div className=""rounded-2xl border border-red-500/20 bg-red-500/10 p-3"">"
"D:\projects\admin-dashboard\app\components\auth\StaffOrAdmin.tsx","20","<div className=""rounded-3xl border border-white/10 bg-white/[0.06] px-6 py-4 text-sm text-zinc-300 shadow-2xl shadow-black/30 backdrop-blur-2xl"">"
"D:\projects\admin-dashboard\app\components\barcode-scanner\components\CameraScannerPanel.tsx","42","<div className=""h-44 w-[80%] rounded-2xl border-2 border-emerald-300/80 shadow-[0_0_45px_rgba(52,211,153,0.28)]"" />"
"D:\projects\admin-dashboard\app\components\barcode-scanner\components\CameraScannerPanel.tsx","46","<div className=""rounded-3xl border border-white/10 bg-white/[0.04] p-4 text-sm text-zinc-300 backdrop-blur-xl"">"
"D:\projects\admin-dashboard\app\components\barcode-scanner\components\CameraScannerPanel.tsx","48","<Camera className=""h-4 w-4 text-emerald-200"" />"
"D:\projects\admin-dashboard\app\components\barcode-scanner\components\CameraScannerPanel.tsx","53","<p className=""mt-2 text-sm font-medium text-red-300"">"
"D:\projects\admin-dashboard\app\components\barcode-scanner\components\CameraScannerPanel.tsx","58","<p className=""mt-2 text-xs leading-5 text-zinc-500"">"
"D:\projects\admin-dashboard\app\components\barcode-scanner\components\HardwareScannerPanel.tsx","22","<div className=""rounded-2xl border border-emerald-300/20 bg-emerald-400/10 p-2"">"
"D:\projects\admin-dashboard\app\components\barcode-scanner\components\HardwareScannerPanel.tsx","23","<Wifi className=""h-5 w-5 text-emerald-200"" />"
"D:\projects\admin-dashboard\app\components\barcode-scanner\components\HardwareScannerPanel.tsx","28","<p className=""text-sm text-zinc-400"">"
"D:\projects\admin-dashboard\app\components\barcode-scanner\components\HardwareScannerPanel.tsx","52","className=""w-full rounded-2xl border border-white/10 bg-black/50 px-4 py-3 text-white outline-none backdrop-blur-xl placeholder:text-zinc-500 focus:border-emerald-300/50"""
"D:\projects\admin-dashboard\app\components\barcode-scanner\components\HardwareScannerPanel.tsx","58","className=""mt-3 rounded-2xl border border-white/10 bg-white px-4 py-2 font-semibold text-black shadow-lg shadow-black/30 transition hover:bg-zinc-200"""
"D:\projects\admin-dashboard\app\components\barcode-scanner\components\HardwareScannerPanel.tsx","63","<p className=""mt-4 text-xs leading-5 text-zinc-500"">"
"D:\projects\admin-dashboard\app\components\barcode-scanner\components\ManualScannerPanel.tsx","19","<div className=""rounded-2xl border border-cyan-300/20 bg-cyan-400/10 p-2"">"
"D:\projects\admin-dashboard\app\components\barcode-scanner\components\ManualScannerPanel.tsx","20","<Keyboard className=""h-5 w-5 text-cyan-200"" />"
"D:\projects\admin-dashboard\app\components\barcode-scanner\components\ManualScannerPanel.tsx","25","<p className=""text-sm text-zinc-400"">"
"D:\projects\admin-dashboard\app\components\barcode-scanner\components\ManualScannerPanel.tsx","46","className=""w-full rounded-2xl border border-white/10 bg-black/50 px-4 py-3 text-white outline-none backdrop-blur-xl placeholder:text-zinc-500 focus:border-cyan-300/50"""
"D:\projects\admin-dashboard\app\components\barcode-scanner\components\ManualScannerPanel.tsx","52","className=""mt-3 rounded-2xl border border-white/10 bg-white px-4 py-2 font-semibold text-black shadow-lg shadow-black/30 transition hover:bg-zinc-200"""
"D:\projects\admin-dashboard\app\components\barcode-scanner\components\ScannerModeButton.tsx","18","? ""border-emerald-300/40 bg-emerald-400/15 text-emerald-100 shadow-emerald-950/30"""
"D:\projects\admin-dashboard\app\components\barcode-scanner\components\ScannerModeButton.tsx","19",": ""border-white/10 bg-white/[0.06] text-zinc-300 hover:border-white/20 hover:bg-white/[0.1]"""
"D:\projects\admin-dashboard\app\components\barcode-scanner\BarcodeScannerModal.tsx","141","<div className=""w-full max-w-2xl overflow-hidden rounded-[2rem] border border-white/10 bg-zinc-950/80 shadow-2xl shadow-black/70 backdrop-blur-2xl"">"
"D:\projects\admin-dashboard\app\components\barcode-scanner\BarcodeScannerModal.tsx","157","<p className=""mt-1 text-sm leading-5 text-zinc-400"">"
"D:\projects\admin-dashboard\app\components\barcode-scanner\BarcodeScannerModal.tsx","162","<div className=""mt-2 inline-flex items-center gap-2 rounded-full border border-emerald-300/15 bg-emerald-400/10 px-3 py-1 text-xs font-medium text-emerald-200"">"
"D:\projects\admin-dashboard\app\components\modals\shared\ModalHeader.tsx","34","<p className=""mt-1 text-sm leading-6 text-neutral-400"">"
"D:\projects\admin-dashboard\app\components\modals\shared\ModalHeader.tsx","44","className=""rounded-xl border border-white/10 bg-white/5 p-2 text-neutral-300 transition hover:bg-white/10 hover:text-white"""
"D:\projects\admin-dashboard\app\components\modals\HipaaSafetyModal.tsx","70","icon: ""text-emerald-300"","
"D:\projects\admin-dashboard\app\components\modals\HipaaSafetyModal.tsx","71","badge: ""border-red-500/20 bg-red-500/10 text-red-200"","
"D:\projects\admin-dashboard\app\components\modals\HipaaSafetyModal.tsx","76","icon: ""text-sky-300"","
"D:\projects\admin-dashboard\app\components\modals\HipaaSafetyModal.tsx","77","badge: ""border-sky-500/20 bg-sky-500/10 text-sky-200"","
"D:\projects\admin-dashboard\app\components\modals\HipaaSafetyModal.tsx","94","<div className=""rounded-2xl border border-red-500/20 bg-red-500/10 p-3 text-red-300"">"
"D:\projects\admin-dashboard\app\components\modals\HipaaSafetyModal.tsx","100","<div className=""rounded-2xl border border-yellow-500/20 bg-yellow-500/10 p-4 text-sm text-yellow-100"">"
"D:\projects\admin-dashboard\app\components\modals\HipaaSafetyModal.tsx","103","<p className=""mt-1 text-yellow-100/80"">"
"D:\projects\admin-dashboard\app\components\modals\HipaaSafetyModal.tsx","137","<p className=""mt-1 text-sm leading-6 text-neutral-400"">"
"D:\projects\admin-dashboard\app\components\modals\HipaaSafetyModal.tsx","150","className=""mt-0.5 h-5 w-5 shrink-0 text-emerald-300"""
"D:\projects\admin-dashboard\app\components\modals\HipaaSafetyModal.tsx","159","<p className=""mt-1 text-sm leading-6 text-neutral-400"">"
"D:\projects\admin-dashboard\app\components\ui\PageHeader.tsx","20","<p className=""text-xs font-bold uppercase tracking-[0.24em] text-cyan-200 light:text-cyan-700"">"
"D:\projects\admin-dashboard\app\components\ui\PageHeader.tsx","25","<h1 className=""mt-1 text-3xl font-bold tracking-tight text-white light:text-slate-950"">"
"D:\projects\admin-dashboard\app\components\ui\PageHeader.tsx","30","<p className=""mt-2 max-w-3xl text-sm leading-6 text-zinc-400 light:text-slate-600"">"
"D:\projects\admin-dashboard\app\components\ui\PrimaryButton.tsx","14","<button {...props} className={`${""inline-flex items-center justify-center gap-2 rounded-2xl bg-cyan-300 px-5 py-3 text-sm font-bold text-slate-950 shadow-lg shadow-cyan-500/20 transition hover:bg-cyan-200 disabled:cursor-not-allowed disabled:opacity-50""} ${className}`}>"
"D:\projects\admin-dashboard\app\components\MaintenanceGate.tsx","36","""border-white/10 bg-neutral-950 text-neutral-300"","
"D:\projects\admin-dashboard\app\components\MaintenanceGate.tsx","38","""border-red-500/20 bg-red-950/20 text-red-300"","
"D:\projects\admin-dashboard\app\components\MaintenanceGate.tsx","40","""border-yellow-500/20 bg-yellow-950/20 text-yellow-200"","
"D:\projects\admin-dashboard\app\components\MaintenanceGate.tsx","45","""border-white/10 bg-white/5 text-neutral-300"","
"D:\projects\admin-dashboard\app\components\MaintenanceGate.tsx","47","""border-red-500/20 bg-red-500/10 text-red-300"","
"D:\projects\admin-dashboard\app\components\MaintenanceGate.tsx","49","""border-yellow-500/20 bg-yellow-500/10 text-yellow-200"","
"D:\projects\admin-dashboard\app\login\LoginClient.tsx","128","<div className=""flex items-center gap-3 rounded-3xl border border-white/10 bg-neutral-950 px-6 py-4 text-sm text-zinc-300 shadow-2xl shadow-black/30"">"
"D:\projects\admin-dashboard\app\login\LoginClient.tsx","142","className=""w-full max-w-md space-y-5 rounded-3xl border border-white/10 bg-neutral-950 p-6 shadow-2xl shadow-black/40"""
"D:\projects\admin-dashboard\app\login\LoginClient.tsx","145","<div className=""inline-flex rounded-full border border-white/10 bg-white/5 px-3 py-1 text-xs font-medium uppercase tracking-[0.18em] text-zinc-500"">"
"D:\projects\admin-dashboard\app\login\LoginClient.tsx","153","<p className=""text-sm text-zinc-400"">"
"D:\projects\admin-dashboard\app\login\LoginClient.tsx","162","className=""mb-2 block text-sm font-medium text-zinc-300"""
"D:\projects\admin-dashboard\app\login\LoginClient.tsx","168","<Mail className=""pointer-events-none absolute left-4 top-1/2 h-4 w-4 -translate-y-1/2 text-zinc-500"" />"
"D:\projects\admin-dashboard\app\login\LoginClient.tsx","182","className=""w-full rounded-2xl border border-white/10 bg-black/40 px-4 py-3 pl-11 text-sm text-white outline-none transition placeholder:text-zinc-600 focus:border-white/30 disabled:cursor-not-allowed disabled:opacity-60"""
"D:\projects\admin-dashboard\app\login\LoginClient.tsx","190","className=""mb-2 block text-sm font-medium text-zinc-300"""
"D:\projects\admin-dashboard\app\login\LoginClient.tsx","196","<Lock className=""pointer-events-none absolute left-4 top-1/2 h-4 w-4 -translate-y-1/2 text-zinc-500"" />"
"D:\projects\admin-dashboard\app\login\LoginClient.tsx","209","className=""w-full rounded-2xl border border-white/10 bg-black/40 px-4 py-3 pl-11 pr-12 text-sm text-white outline-none transition placeholder:text-zinc-600 focus:border-white/30 disabled:cursor-not-allowed disabled:opacity-60"""
"D:\projects\admin-dashboard\app\login\LoginClient.tsx","218","className=""absolute right-3 top-1/2 rounded-lg p-2 text-zinc-400 transition -translate-y-1/2 hover:bg-white/10 hover:text-white disabled:cursor-not-allowed disabled:opacity-60"""
"D:\projects\admin-dashboard\app\login\LoginClient.tsx","233","className=""inline-flex w-full items-center justify-center gap-2 rounded-2xl border border-white/10 bg-white px-4 py-3 font-medium text-black transition hover:bg-zinc-200 disabled:cursor-not-allowed disabled:opacity-60"""
"D:\projects\admin-dashboard\app\login\page.tsx","10","<main className=""flex min-h-screen items-center justify-center bg-slate-950 text-white"">"
"D:\projects\admin-dashboard\app\login\page.tsx","11","<p className=""text-sm text-slate-400"">Loading login...</p>"
